"Kod";"Nazwa";"rok;2023;[%]";
0000000;"POLSKA";59,45;
0200000;"DOLNOŚLĄSKIE";67,36;
0201000;"Powiat bolesławiecki";46,96;
0201011;"Bolesławiec (1)";100,00;
0201043;"Nowogrodziec (3)";28,05;
0201044;"Nowogrodziec - miasto (4)";100,00;
0202000;"Powiat dzierżoniowski";78,10;
0202011;"Bielawa (1)";100,00;
0202021;"Dzierżoniów (1)";100,00;
0202033;"Pieszyce (3)";75,98;
0202034;"Pieszyce - miasto (4)";100,00;
0202041;"Piława Górna (1)";100,00;
0202073;"Niemcza (3)";53,44;
0202074;"Niemcza - miasto (4)";100,00;
0203000;"Powiat głogowski";72,96;
0203011;"Głogów (1)";100,00;
0204000;"Powiat górowski";40,82;
0204013;"Góra (3)";57,97;
0204014;"Góra - miasto (4)";100,00;
0204043;"Wąsosz (3)";37,69;
0204044;"Wąsosz - miasto (4)";100,00;
0205000;"Powiat jaworski";53,24;
0205011;"Jawor (1)";100,00;
0205023;"Bolków (3)";48,32;
0205024;"Bolków - miasto (4)";100,00;
0206000;"Powiat karkonoski";42,15;
0206011;"Karpacz (1)";100,00;
0206021;"Kowary (1)";100,00;
0206031;"Piechowice (1)";100,00;
0206041;"Szklarska Poręba (1)";100,00;
0207000;"Powiat kamiennogórski";56,17;
0207011;"Kamienna Góra (1)";100,00;
0207033;"Lubawka (3)";54,58;
0207034;"Lubawka - miasto (4)";100,00;
0208000;"Powiat kłodzki";63,10;
0208011;"Duszniki-Zdrój (1)";100,00;
0208021;"Kłodzko (1)";100,00;
0208031;"Kudowa-Zdrój (1)";100,00;
0208041;"Nowa Ruda (1)";100,00;
0208051;"Polanica-Zdrój (1)";100,00;
0208063;"Bystrzyca Kłodzka (3)";51,95;
0208064;"Bystrzyca Kłodzka - miasto (4)";100,00;
0208083;"Lądek-Zdrój (3)";66,23;
0208084;"Lądek-Zdrój - miasto (4)";100,00;
0208103;"Międzylesie (3)";35,15;
0208104;"Międzylesie - miasto (4)";100,00;
0208123;"Radków (3)";26,68;
0208124;"Radków - miasto (4)";100,00;
0208133;"Stronie Śląskie (3)";73,87;
0208134;"Stronie Śląskie - miasto (4)";100,00;
0208143;"Szczytna (3)";69,61;
0208144;"Szczytna - miasto (4)";100,00;
0209000;"Powiat legnicki";28,81;
0209011;"Chojnów (1)";100,00;
0209073;"Prochowice (3)";49,01;
0209074;"Prochowice - miasto (4)";100,00;
0210000;"Powiat lubański";61,83;
0210011;"Lubań (1)";100,00;
0210021;"Świeradów-Zdrój (1)";100,00;
0210033;"Leśna (3)";43,14;
0210034;"Leśna - miasto (4)";100,00;
0210053;"Olszyna (3)";68,41;
0210054;"Olszyna - miasto (4)";100,00;
0211000;"Powiat lubiński";70,84;
0211011;"Lubin (1)";100,00;
0211043;"Ścinawa (3)";56,12;
0211044;"Ścinawa - miasto (4)";100,00;
0212000;"Powiat lwówecki";49,51;
0212013;"Gryfów Śląski (3)";67,19;
0212014;"Gryfów Śląski - miasto (4)";100,00;
0212023;"Lubomierz (3)";31,59;
0212024;"Lubomierz - miasto (4)";100,00;
0212033;"Lwówek Śląski (3)";50,55;
0212034;"Lwówek Śląski - miasto (4)";100,00;
0212043;"Mirsk (3)";44,53;
0212044;"Mirsk - miasto (4)";100,00;
0212053;"Wleń (3)";40,23;
0212054;"Wleń - miasto (4)";100,00;
0213000;"Powiat milicki";30,25;
0213033;"Milicz (3)";46,71;
0213034;"Milicz - miasto (4)";100,00;
0214000;"Powiat oleśnicki";54,47;
0214011;"Oleśnica (1)";100,00;
0214023;"Bierutów (3)";47,97;
0214024;"Bierutów - miasto (4)";100,00;
0214053;"Międzybórz (3)";46,15;
0214054;"Międzybórz - miasto (4)";100,00;
0214073;"Syców (3)";60,22;
0214074;"Syców - miasto (4)";100,00;
0214083;"Twardogóra (3)";49,33;
0214084;"Twardogóra - miasto (4)";100,00;
0215000;"Powiat oławski";62,21;
0215011;"Oława (1)";100,00;
0215033;"Jelcz-Laskowice (3)";63,28;
0215034;"Jelcz-Laskowice - miasto (4)";100,00;
0216000;"Powiat polkowicki";56,06;
0216013;"Chocianów (3)";59,43;
0216014;"Chocianów - miasto (4)";100,00;
0216043;"Polkowice (3)";79,56;
0216044;"Polkowice - miasto (4)";100,00;
0216053;"Przemków (3)";71,51;
0216054;"Przemków - miasto (4)";100,00;
0217000;"Powiat strzeliński";33,96;
0217043;"Strzelin (3)";55,65;
0217044;"Strzelin - miasto (4)";100,00;
0217053;"Wiązów (3)";32,99;
0217054;"Wiązów - miasto (4)";100,00;
0218000;"Powiat średzki";19,69;
0218033;"Miękinia (3)";9,69;
0218034;"Miękinia - miasto (4)";100,00;
0218043;"Środa Śląska (3)";48,25;
0218044;"Środa Śląska - miasto (4)";100,00;
0219000;"Powiat świdnicki";67,20;
0219011;"Świdnica (1)";100,00;
0219021;"Świebodzice (1)";100,00;
0219043;"Jaworzyna Śląska (3)";49,20;
0219044;"Jaworzyna Śląska - miasto (4)";100,00;
0219063;"Strzegom (3)";61,96;
0219064;"Strzegom - miasto (4)";100,00;
0219083;"Żarów (3)";52,97;
0219084;"Żarów - miasto (4)";100,00;
0220000;"Powiat trzebnicki";35,34;
0220013;"Oborniki Śląskie (3)";42,63;
0220014;"Oborniki Śląskie - miasto (4)";100,00;
0220023;"Prusice (3)";23,05;
0220024;"Prusice - miasto (4)";100,00;
0220033;"Trzebnica (3)";54,33;
0220034;"Trzebnica - miasto (4)";100,00;
0220063;"Żmigród (3)";43,71;
0220064;"Żmigród - miasto (4)";100,00;
0221000;"Powiat wałbrzyski";63,97;
0221011;"Boguszów-Gorce (1)";100,00;
0221021;"Jedlina-Zdrój (1)";100,00;
0221031;"Szczawno-Zdrój (1)";100,00;
0221053;"Głuszyca (3)";73,45;
0221054;"Głuszyca - miasto (4)";100,00;
0221063;"Mieroszów (3)";60,13;
0221064;"Mieroszów - miasto (4)";100,00;
0222000;"Powiat wołowski";54,00;
0222013;"Brzeg Dolny (3)";77,72;
0222014;"Brzeg Dolny - miasto (4)";100,00;
0222033;"Wołów (3)";56,00;
0222034;"Wołów - miasto (4)";100,00;
0223000;"Powiat wrocławski";13,45;
0223043;"Kąty Wrocławskie (3)";23,73;
0223044;"Kąty Wrocławskie - miasto (4)";100,00;
0223073;"Sobótka (3)";54,04;
0223074;"Sobótka - miasto (4)";100,00;
0223083;"Siechnice (3)";36,38;
0223084;"Siechnice - miasto (4)";100,00;
0224000;"Powiat ząbkowicki";51,63;
0224013;"Bardo (3)";46,58;
0224014;"Bardo - miasto (4)";100,00;
0224033;"Kamieniec Ząbkowicki (3)";58,14;
0224034;"Kamieniec Ząbkowicki - miasto (4)";100,00;
0224053;"Ząbkowice Śląskie (3)";68,98;
0224054;"Ząbkowice Śląskie - miasto (4)";100,00;
0224063;"Ziębice (3)";51,32;
0224064;"Ziębice - miasto (4)";100,00;
0224073;"Złoty Stok (3)";60,42;
0224074;"Złoty Stok - miasto (4)";100,00;
0225000;"Powiat zgorzelecki";66,75;
0225011;"Zawidów (1)";100,00;
0225021;"Zgorzelec (1)";100,00;
0225033;"Bogatynia (3)";75,28;
0225034;"Bogatynia - miasto (4)";100,00;
0225043;"Pieńsk (3)";62,65;
0225044;"Pieńsk - miasto (4)";100,00;
0225063;"Węgliniec (3)";34,26;
0225064;"Węgliniec - miasto (4)";100,00;
0226000;"Powiat złotoryjski";48,26;
0226011;"Wojcieszów (1)";100,00;
0226021;"Złotoryja (1)";100,00;
0226043;"Świerzawa (3)";28,63;
0226044;"Świerzawa - miasto (4)";100,00;
0261000;"Powiat m. Jelenia Góra";100,00;
0261011;"Jelenia Góra (1)";100,00;
0262000;"Powiat m. Legnica";100,00;
0262011;"Legnica (1)";100,00;
0264000;"Powiat m. Wrocław";100,00;
0264011;"Wrocław (1)";100,00;
0265000;"Powiat m. Wałbrzych od 2013";100,00;
0265011;"Wałbrzych od 2013 (1)";100,00;
0400000;"KUJAWSKO-POMORSKIE";57,89;
0401000;"Powiat aleksandrowski";43,71;
0401011;"Aleksandrów Kujawski (1)";100,00;
0401021;"Ciechocinek (1)";100,00;
0401031;"Nieszawa (1)";100,00;
0402000;"Powiat brodnicki";42,72;
0402011;"Brodnica (1)";100,00;
0402053;"Górzno (3)";37,28;
0402054;"Górzno - miasto (4)";100,00;
0402073;"Jabłonowo Pomorskie (3)";43,32;
0402074;"Jabłonowo Pomorskie - miasto (4)";100,00;
0403000;"Powiat bydgoski";20,47;
0403043;"Koronowo (3)";46,12;
0403044;"Koronowo - miasto (4)";100,00;
0403083;"Solec Kujawski (3)";93,20;
0403084;"Solec Kujawski - miasto (4)";100,00;
0404000;"Powiat chełmiński";36,75;
0404011;"Chełmno (1)";100,00;
0405000;"Powiat golubsko-dobrzyński";35,41;
0405011;"Golub-Dobrzyń (1)";100,00;
0405043;"Kowalewo Pomorskie (3)";36,43;
0405044;"Kowalewo Pomorskie - miasto (4)";100,00;
0406000;"Powiat grudziądzki";12,41;
0406033;"Łasin (3)";41,79;
0406034;"Łasin - miasto (4)";100,00;
0406043;"Radzyń Chełmiński (3)";40,65;
0406044;"Radzyń Chełmiński - miasto (4)";100,00;
0407000;"Powiat inowrocławski";64,03;
0407011;"Inowrocław (1)";100,00;
0407033;"Gniewkowo (3)";49,16;
0407034;"Gniewkowo - miasto (4)";100,00;
0407053;"Janikowo (3)";65,45;
0407054;"Janikowo - miasto (4)";100,00;
0407063;"Kruszwica (3)";50,88;
0407064;"Kruszwica - miasto (4)";100,00;
0407073;"Pakość (3)";56,04;
0407074;"Pakość - miasto (4)";100,00;
0408000;"Powiat lipnowski";29,97;
0408011;"Lipno (1)";100,00;
0408043;"Dobrzyń nad Wisłą (3)";27,73;
0408044;"Dobrzyń nad Wisłą - miasto (4)";100,00;
0408073;"Skępe (3)";48,37;
0408074;"Skępe - miasto (4)";100,00;
0409000;"Powiat mogileński";37,18;
0409033;"Mogilno (3)";46,06;
0409034;"Mogilno - miasto (4)";100,00;
0409043;"Strzelno (3)";48,16;
0409044;"Strzelno - miasto (4)";100,00;
0410000;"Powiat nakielski";41,96;
0410013;"Kcynia (3)";34,85;
0410014;"Kcynia - miasto (4)";100,00;
0410023;"Mrocza (3)";46,65;
0410024;"Mrocza - miasto (4)";100,00;
0410033;"Nakło nad Notecią (3)";57,10;
0410034;"Nakło nad Notecią - miasto (4)";100,00;
0410053;"Szubin (3)";37,36;
0410054;"Szubin - miasto (4)";100,00;
0411000;"Powiat radziejowski";24,44;
0411011;"Radziejów (1)";100,00;
0411053;"Piotrków Kujawski (3)";48,53;
0411054;"Piotrków Kujawski - miasto (4)";100,00;
0412000;"Powiat rypiński";37,34;
0412011;"Rypin (1)";100,00;
0413000;"Powiat sępoleński";42,91;
0413013;"Kamień Krajeński (3)";35,73;
0413014;"Kamień Krajeński - miasto (4)";100,00;
0413023;"Sępólno Krajeńskie (3)";57,92;
0413024;"Sępólno Krajeńskie - miasto (4)";100,00;
0413043;"Więcbork (3)";43,88;
0413044;"Więcbork - miasto (4)";100,00;
0414000;"Powiat świecki";34,81;
0414063;"Nowe (3)";56,16;
0414064;"Nowe - miasto (4)";100,00;
0414083;"Pruszcz (3)";30,08;
0414084;"Pruszcz - miasto (4)";100,00;
0414093;"Świecie (3)";75,72;
0414094;"Świecie - miasto (4)";100,00;
0415000;"Powiat toruński";11,98;
0415011;"Chełmża (1)";100,00;
0416000;"Powiat tucholski";27,64;
0416063;"Tuchola (3)";66,21;
0416064;"Tuchola - miasto (4)";100,00;
0417000;"Powiat wąbrzeski";39,77;
0417011;"Wąbrzeźno (1)";100,00;
0418000;"Powiat włocławski";19,44;
0418011;"Kowal (1)";100,00;
0418043;"Brześć Kujawski (3)";41,12;
0418044;"Brześć Kujawski - miasto (4)";100,00;
0418063;"Chodecz (3)";31,35;
0418064;"Chodecz - miasto (4)";100,00;
0418083;"Izbica Kujawska (3)";34,32;
0418084;"Izbica Kujawska - miasto (4)";100,00;
0418113;"Lubień Kujawski (3)";19,36;
0418114;"Lubień Kujawski - miasto (4)";100,00;
0418123;"Lubraniec (3)";31,19;
0418124;"Lubraniec - miasto (4)";100,00;
0419000;"Powiat żniński";41,45;
0419013;"Barcin (3)";48,97;
0419014;"Barcin - miasto (4)";100,00;
0419033;"Janowiec Wielkopolski (3)";43,45;
0419034;"Janowiec Wielkopolski - miasto (4)";100,00;
0419043;"Łabiszyn (3)";41,11;
0419044;"Łabiszyn - miasto (4)";100,00;
0419063;"Żnin (3)";57,14;
0419064;"Żnin - miasto (4)";100,00;
0461000;"Powiat m. Bydgoszcz";100,00;
0461011;"Bydgoszcz (1)";100,00;
0462000;"Powiat m. Grudziądz";100,00;
0462011;"Grudziądz (1)";100,00;
0463000;"Powiat m. Toruń";100,00;
0463011;"Toruń (1)";100,00;
0464000;"Powiat m. Włocławek";100,00;
0464011;"Włocławek (1)";100,00;
0600000;"LUBELSKIE";46,09;
0601000;"Powiat bialski";19,56;
0601011;"Międzyrzec Podlaski (1)";100,00;
0601021;"Terespol (1)";100,00;
0602000;"Powiat biłgorajski";33,72;
0602011;"Biłgoraj (1)";100,00;
0602053;"Frampol (3)";23,62;
0602054;"Frampol - miasto (4)";100,00;
0602063;"Goraj (3)";23,11;
0602064;"Goraj - miasto (4)";100,00;
0602073;"Józefów (3)";36,50;
0602074;"Józefów - miasto (4)";100,00;
0602123;"Tarnogród (3)";50,19;
0602124;"Tarnogród - miasto (4)";100,00;
0603000;"Powiat chełmski";9,92;
0603011;"Rejowiec Fabryczny (1)";100,00;
0603113;"Siedliszcze (3)";20,84;
0603114;"Siedliszcze - miasto (4)";100,00;
0603153;"Rejowiec (3)";33,21;
0603154;"Rejowiec - miasto (4)";100,00;
0604000;"Powiat hrubieszowski";28,06;
0604011;"Hrubieszów (1)";100,00;
0605000;"Powiat janowski";28,76;
0605053;"Janów Lubelski (3)";74,74;
0605054;"Janów Lubelski - miasto (4)";100,00;
0605063;"Modliborzyce (3)";21,14;
0605064;"Modliborzyce - miasto (4)";100,00;
0606000;"Powiat krasnostawski";32,27;
0606011;"Krasnystaw (1)";100,00;
0606043;"Izbica (3)";21,94;
0606044;"Izbica - miasto (4)";100,00;
0607000;"Powiat kraśnicki";39,57;
0607011;"Kraśnik (1)";100,00;
0607023;"Annopol (3)";28,86;
0607024;"Annopol - miasto (4)";100,00;
0607083;"Urzędów (3)";20,90;
0607084;"Urzędów - miasto (4)";100,00;
0608000;"Powiat lubartowski";31,30;
0608011;"Lubartów (1)";100,00;
0608053;"Kamionka (3)";26,43;
0608054;"Kamionka - miasto (4)";100,00;
0608063;"Kock (3)";50,54;
0608064;"Kock - miasto (4)";100,00;
0608103;"Ostrów Lubelski (3)";39,74;
0608104;"Ostrów Lubelski - miasto (4)";100,00;
0609000;"Powiat lubelski";6,33;
0609013;"Bełżyce (3)";46,74;
0609014;"Bełżyce - miasto (4)";100,00;
0609033;"Bychawa (3)";41,20;
0609034;"Bychawa - miasto (4)";100,00;
0610000;"Powiat łęczyński";31,70;
0610033;"Łęczna (3)";78,97;
0610034;"Łęczna - miasto (4)";100,00;
0611000;"Powiat łukowski";29,24;
0611011;"Łuków (1)";100,00;
0611021;"Stoczek Łukowski (1)";100,00;
0612000;"Powiat opolski";30,39;
0612023;"Józefów nad Wisłą (3)";13,34;
0612024;"Józefów nad Wisłą - miasto (4)";100,00;
0612053;"Opole Lubelskie (3)";48,58;
0612054;"Opole Lubelskie - miasto (4)";100,00;
0612063;"Poniatowa (3)";62,79;
0612064;"Poniatowa - miasto (4)";100,00;
0613000;"Powiat parczewski";31,61;
0613043;"Parczew (3)";74,33;
0613044;"Parczew - miasto (4)";100,00;
0614000;"Powiat puławski";47,38;
0614011;"Puławy (1)";100,00;
0614043;"Kazimierz Dolny (3)";51,50;
0614044;"Kazimierz Dolny - miasto (4)";100,00;
0614083;"Nałęczów (3)";41,97;
0614084;"Nałęczów - miasto (4)";100,00;
0615000;"Powiat radzyński";25,98;
0615011;"Radzyń Podlaski (1)";100,00;
0616000;"Powiat rycki";44,84;
0616011;"Dęblin (1)";100,00;
0616043;"Ryki (3)";46,95;
0616044;"Ryki - miasto (4)";100,00;
0617000;"Powiat świdnicki";56,44;
0617011;"Świdnik (1)";100,00;
0617033;"Piaski (3)";23,68;
0617034;"Piaski - miasto (4)";100,00;
0618000;"Powiat tomaszowski";30,87;
0618011;"Tomaszów Lubelski (1)";100,00;
0618053;"Lubycza Królewska (3)";38,58;
0618054;"Lubycza Królewska - miasto (4)";100,00;
0618063;"Łaszczów (3)";35,88;
0618064;"Łaszczów - miasto (4)";100,00;
0618123;"Tyszowce (3)";35,78;
0618124;"Tyszowce - miasto (4)";100,00;
0619000;"Powiat włodawski";34,25;
0619011;"Włodawa (1)";100,00;
0620000;"Powiat zamojski";10,41;
0620043;"Krasnobród (3)";44,37;
0620044;"Krasnobród - miasto (4)";100,00;
0620133;"Szczebrzeszyn (3)";45,06;
0620134;"Szczebrzeszyn - miasto (4)";100,00;
0620153;"Zwierzyniec (3)";45,63;
0620154;"Zwierzyniec - miasto (4)";100,00;
0661000;"Powiat m. Biała Podlaska";100,00;
0661011;"Biała Podlaska (1)";100,00;
0662000;"Powiat m. Chełm";100,00;
0662011;"Chełm (1)";100,00;
0663000;"Powiat m. Lublin";100,00;
0663011;"Lublin (1)";100,00;
0664000;"Powiat m. Zamość";100,00;
0664011;"Zamość (1)";100,00;
0800000;"LUBUSKIE";64,06;
0801000;"Powiat gorzowski";32,51;
0801011;"Kostrzyn nad Odrą (1)";100,00;
0801073;"Witnica (3)";52,98;
0801074;"Witnica - miasto (4)";100,00;
0802000;"Powiat krośnieński";49,58;
0802011;"Gubin (1)";100,00;
0802063;"Krosno Odrzańskie (3)";62,17;
0802064;"Krosno Odrzańskie - miasto (4)";100,00;
0803000;"Powiat międzyrzecki";51,30;
0803023;"Międzyrzecz (3)";71,02;
0803024;"Międzyrzecz - miasto (4)";100,00;
0803053;"Skwierzyna (3)";78,85;
0803054;"Skwierzyna - miasto (4)";100,00;
0803063;"Trzciel (3)";35,65;
0803064;"Trzciel - miasto (4)";100,00;
0804000;"Powiat nowosolski";64,70;
0804011;"Nowa Sól (1)";100,00;
0804023;"Bytom Odrzański (3)";76,83;
0804024;"Bytom Odrzański - miasto (4)";100,00;
0804043;"Kożuchów (3)";58,41;
0804044;"Kożuchów - miasto (4)";100,00;
0804063;"Nowe Miasteczko (3)";52,46;
0804064;"Nowe Miasteczko - miasto (4)";100,00;
0804073;"Otyń (3)";24,94;
0804074;"Otyń - miasto (4)";100,00;
0805000;"Powiat słubicki";63,69;
0805013;"Cybinka (3)";43,19;
0805014;"Cybinka - miasto (4)";100,00;
0805033;"Ośno Lubuskie (3)";63,06;
0805034;"Ośno Lubuskie - miasto (4)";100,00;
0805043;"Rzepin (3)";67,86;
0805044;"Rzepin - miasto (4)";100,00;
0805053;"Słubice (3)";81,12;
0805054;"Słubice - miasto (4)";100,00;
0806000;"Powiat strzelecko-drezdenecki";47,46;
0806013;"Dobiegniew (3)";48,47;
0806014;"Dobiegniew - miasto (4)";100,00;
0806023;"Drezdenko (3)";57,95;
0806024;"Drezdenko - miasto (4)";100,00;
0806043;"Strzelce Krajeńskie (3)";60,17;
0806044;"Strzelce Krajeńskie - miasto (4)";100,00;
0807000;"Powiat sulęciński";42,19;
0807023;"Lubniewice (3)";65,90;
0807024;"Lubniewice - miasto (4)";100,00;
0807043;"Sulęcin (3)";64,80;
0807044;"Sulęcin - miasto (4)";100,00;
0807053;"Torzym (3)";38,38;
0807054;"Torzym - miasto (4)";100,00;
0808000;"Powiat świebodziński";47,58;
0808053;"Świebodzin (3)";71,87;
0808054;"Świebodzin - miasto (4)";100,00;
0808063;"Zbąszynek (3)";60,59;
0808064;"Zbąszynek - miasto (4)";100,00;
0809000;"Powiat zielonogórski";42,16;
0809013;"Babimost (3)";62,98;
0809014;"Babimost - miasto (4)";100,00;
0809033;"Czerwieńsk (3)";37,27;
0809034;"Czerwieńsk - miasto (4)";100,00;
0809043;"Kargowa (3)";64,61;
0809044;"Kargowa - miasto (4)";100,00;
0809053;"Nowogród Bobrzański (3)";52,98;
0809054;"Nowogród Bobrzański - miasto (4)";100,00;
0809063;"Sulechów (3)";59,53;
0809064;"Sulechów - miasto (4)";100,00;
0810000;"Powiat żagański";59,45;
0810011;"Gozdnica (1)";100,00;
0810021;"Żagań (1)";100,00;
0810043;"Iłowa (3)";56,57;
0810044;"Iłowa - miasto (4)";100,00;
0810053;"Małomice (3)";66,50;
0810054;"Małomice - miasto (4)";100,00;
0810073;"Szprotawa (3)";55,63;
0810074;"Szprotawa - miasto (4)";100,00;
0811000;"Powiat żarski";59,17;
0811011;"Łęknica (1)";100,00;
0811021;"Żary (1)";100,00;
0811043;"Jasień (3)";60,30;
0811044;"Jasień - miasto (4)";100,00;
0811063;"Lubsko (3)";74,57;
0811064;"Lubsko - miasto (4)";100,00;
0812000;"Powiat wschowski";49,26;
0812013;"Sława (3)";33,04;
0812014;"Sława - miasto (4)";100,00;
0812023;"Szlichtyngowa (3)";26,09;
0812024;"Szlichtyngowa - miasto (4)";100,00;
0812033;"Wschowa (3)";64,91;
0812034;"Wschowa - miasto (4)";100,00;
0861000;"Powiat m. Gorzów Wielkopolski";100,00;
0861011;"Gorzów Wielkopolski (1)";100,00;
0862000;"Powiat m. Zielona Góra";100,00;
0862011;"Zielona Góra (1)";100,00;
1000000;"ŁÓDZKIE";61,78;
1001000;"Powiat bełchatowski";54,69;
1001011;"Bełchatów (1)";100,00;
1001083;"Zelów (3)";49,20;
1001084;"Zelów - miasto (4)";100,00;
1002000;"Powiat kutnowski";58,63;
1002011;"Kutno (1)";100,00;
1002033;"Dąbrowice (3)";53,34;
1002034;"Dąbrowice - miasto (4)";100,00;
1002043;"Krośniewice (3)";51,70;
1002044;"Krośniewice - miasto (4)";100,00;
1002113;"Żychlin (3)";68,90;
1002114;"Żychlin - miasto (4)";100,00;
1003000;"Powiat łaski";32,94;
1003023;"Łask (3)";59,70;
1003024;"Łask - miasto (4)";100,00;
1004000;"Powiat łęczycki";31,32;
1004011;"Łęczyca (1)";100,00;
1004063;"Piątek (3)";27,82;
1004064;"Piątek - miasto (4)";100,00;
1005000;"Powiat łowicki";35,09;
1005011;"Łowicz (1)";100,00;
1006000;"Powiat łódzki wschodni";30,35;
1006073;"Koluszki (3)";52,84;
1006074;"Koluszki - miasto (4)";100,00;
1006103;"Rzgów (3)";30,47;
1006104;"Rzgów - miasto (4)";100,00;
1006113;"Tuszyn (3)";55,97;
1006114;"Tuszyn - miasto (4)";100,00;
1007000;"Powiat opoczyński";31,26;
1007023;"Drzewica (3)";36,02;
1007024;"Drzewica - miasto (4)";100,00;
1007043;"Opoczno (3)";59,71;
1007044;"Opoczno - miasto (4)";100,00;
1008000;"Powiat pabianicki";68,37;
1008011;"Konstantynów Łódzki (1)";100,00;
1008021;"Pabianice (1)";100,00;
1008063;"Lutomiersk (3)";16,60;
1008064;"Lutomiersk - miasto (4)";100,00;
1009000;"Powiat pajęczański";23,90;
1009013;"Działoszyn (3)";45,66;
1009014;"Działoszyn - miasto (4)";100,00;
1009043;"Pajęczno (3)";57,49;
1009044;"Pajęczno - miasto (4)";100,00;
1010000;"Powiat piotrkowski";10,90;
1010083;"Rozprza (3)";13,31;
1010084;"Rozprza - miasto (4)";100,00;
1010093;"Sulejów (3)";35,77;
1010094;"Sulejów - miasto (4)";100,00;
1010113;"Wolbórz (3)";28,95;
1010114;"Wolbórz - miasto (4)";100,00;
1011000;"Powiat poddębicki";24,74;
1011033;"Poddębice (3)";46,52;
1011034;"Poddębice - miasto (4)";100,00;
1011043;"Uniejów (3)";44,29;
1011044;"Uniejów - miasto (4)";100,00;
1012000;"Powiat radomszczański";45,71;
1012011;"Radomsko (1)";100,00;
1012053;"Kamieńsk (3)";46,92;
1012054;"Kamieńsk - miasto (4)";100,00;
1012113;"Przedbórz (3)";48,44;
1012114;"Przedbórz - miasto (4)";100,00;
1013000;"Powiat rawski";41,10;
1013011;"Rawa Mazowiecka (1)";100,00;
1013023;"Biała Rawska (3)";27,84;
1013024;"Biała Rawska - miasto (4)";100,00;
1014000;"Powiat sieradzki";42,21;
1014011;"Sieradz (1)";100,00;
1014023;"Błaszki (3)";14,26;
1014024;"Błaszki - miasto (4)";100,00;
1014093;"Warta (3)";24,88;
1014094;"Warta - miasto (4)";100,00;
1014113;"Złoczew (3)";50,17;
1014114;"Złoczew - miasto (4)";100,00;
1015000;"Powiat skierniewicki";2,38;
1015013;"Bolimów (3)";23,14;
1015014;"Bolimów - miasto (4)";100,00;
1016000;"Powiat tomaszowski";53,30;
1016011;"Tomaszów Mazowiecki (1)";100,00;
1016103;"Ujazd (3)";20,86;
1016104;"Ujazd - miasto (4)";100,00;
1017000;"Powiat wieluński";28,17;
1017093;"Wieluń (3)";69,26;
1017094;"Wieluń - miasto (4)";100,00;
1018000;"Powiat wieruszowski";25,41;
1018043;"Lututów (3)";48,36;
1018044;"Lututów - miasto (4)";100,00;
1018073;"Wieruszów (3)";59,18;
1018074;"Wieruszów - miasto (4)";100,00;
1019000;"Powiat zduńskowolski";63,42;
1019011;"Zduńska Wola (1)";100,00;
1019023;"Szadek (3)";24,96;
1019024;"Szadek - miasto (4)";100,00;
1020000;"Powiat zgierski";66,18;
1020011;"Głowno (1)";100,00;
1020021;"Ozorków (1)";100,00;
1020031;"Zgierz (1)";100,00;
1020043;"Aleksandrów Łódzki (3)";62,67;
1020044;"Aleksandrów Łódzki - miasto (4)";100,00;
1020083;"Stryków (3)";25,85;
1020084;"Stryków - miasto (4)";100,00;
1021000;"Powiat brzeziński";43,78;
1021011;"Brzeziny (1)";100,00;
1021043;"Jeżów (3)";39,91;
1021044;"Jeżów - miasto (4)";100,00;
1061000;"Powiat m. Łódź";100,00;
1061011;"Łódź (1)";100,00;
1062000;"Powiat m. Piotrków Trybunalski";100,00;
1062011;"Piotrków Trybunalski (1)";100,00;
1063000;"Powiat m. Skierniewice";100,00;
1063011;"Skierniewice (1)";100,00;
1200000;"MAŁOPOLSKIE";47,88;
1201000;"Powiat bocheński";29,15;
1201011;"Bochnia (1)";100,00;
1201063;"Nowy Wiśnicz (3)";18,93;
1201064;"Nowy Wiśnicz - miasto (4)";100,00;
1202000;"Powiat brzeski";19,86;
1202023;"Brzesko (3)";44,89;
1202024;"Brzesko - miasto (4)";100,00;
1202033;"Czchów (3)";23,41;
1202034;"Czchów - miasto (4)";100,00;
1203000;"Powiat chrzanowski";60,32;
1203013;"Alwernia (3)";26,26;
1203014;"Alwernia - miasto (4)";100,00;
1203033;"Chrzanów (3)";77,21;
1203034;"Chrzanów - miasto (4)";100,00;
1203043;"Libiąż (3)";75,47;
1203044;"Libiąż - miasto (4)";100,00;
1203053;"Trzebinia (3)";57,24;
1203054;"Trzebinia - miasto (4)";100,00;
1204000;"Powiat dąbrowski";27,01;
1204023;"Dąbrowa Tarnowska (3)";54,75;
1204024;"Dąbrowa Tarnowska - miasto (4)";100,00;
1204073;"Szczucin (3)";32,82;
1204074;"Szczucin - miasto (4)";100,00;
1205000;"Powiat gorlicki";31,23;
1205011;"Gorlice (1)";100,00;
1205023;"Biecz (3)";26,79;
1205024;"Biecz - miasto (4)";100,00;
1205033;"Bobowa (3)";31,84;
1205034;"Bobowa - miasto (4)";100,00;
1206000;"Powiat krakowski";14,60;
1206063;"Krzeszowice (3)";30,57;
1206064;"Krzeszowice - miasto (4)";100,00;
1206103;"Skała (3)";35,42;
1206104;"Skała - miasto (4)";100,00;
1206113;"Skawina (3)";54,47;
1206114;"Skawina - miasto (4)";100,00;
1206123;"Słomniki (3)";30,43;
1206124;"Słomniki - miasto (4)";100,00;
1206143;"Świątniki Górne (3)";21,44;
1206144;"Świątniki Górne - miasto (4)";100,00;
1207000;"Powiat limanowski";16,90;
1207011;"Limanowa (1)";100,00;
1207021;"Mszana Dolna (1)";100,00;
1208000;"Powiat miechowski";25,19;
1208043;"Książ Wielki (3)";17,38;
1208044;"Książ Wielki - miasto (4)";100,00;
1208053;"Miechów (3)";58,43;
1208054;"Miechów - miasto (4)";100,00;
1209000;"Powiat myślenicki";23,39;
1209013;"Dobczyce (3)";39,68;
1209014;"Dobczyce - miasto (4)";100,00;
1209033;"Myślenice (3)";38,96;
1209034;"Myślenice - miasto (4)";100,00;
1209073;"Sułkowice (3)";42,55;
1209074;"Sułkowice - miasto (4)";100,00;
1210000;"Powiat nowosądecki";15,84;
1210011;"Grybów (1)";100,00;
1210073;"Krynica-Zdrój (3)";61,46;
1210074;"Krynica-Zdrój - miasto (4)";100,00;
1210113;"Muszyna (3)";39,99;
1210114;"Muszyna - miasto (4)";100,00;
1210133;"Piwniczna-Zdrój (3)";54,17;
1210134;"Piwniczna-Zdrój - miasto (4)";100,00;
1210163;"Stary Sącz (3)";36,97;
1210164;"Stary Sącz - miasto (4)";100,00;
1211000;"Powiat nowotarski";28,50;
1211011;"Nowy Targ (1)";100,00;
1211023;"Szczawnica (3)";78,36;
1211024;"Szczawnica - miasto (4)";100,00;
1211033;"Czarny Dunajec (3)";16,59;
1211034;"Czarny Dunajec - miasto (4)";100,00;
1211123;"Rabka-Zdrój (3)";73,93;
1211124;"Rabka-Zdrój - miasto (4)";100,00;
1212000;"Powiat olkuski";47,00;
1212011;"Bukowno (1)";100,00;
1212053;"Olkusz (3)";70,70;
1212054;"Olkusz - miasto (4)";100,00;
1212073;"Wolbrom (3)";36,76;
1212074;"Wolbrom - miasto (4)";100,00;
1213000;"Powiat oświęcimski";51,15;
1213011;"Oświęcim (1)";100,00;
1213023;"Brzeszcze (3)";52,33;
1213024;"Brzeszcze - miasto (4)";100,00;
1213033;"Chełmek (3)";68,37;
1213034;"Chełmek - miasto (4)";100,00;
1213043;"Kęty (3)";53,11;
1213044;"Kęty - miasto (4)";100,00;
1213093;"Zator (3)";39,49;
1213094;"Zator - miasto (4)";100,00;
1214000;"Powiat proszowicki";19,30;
1214023;"Koszyce (3)";14,53;
1214024;"Koszyce - miasto (4)";100,00;
1214033;"Nowe Brzesko (3)";28,59;
1214034;"Nowe Brzesko - miasto (4)";100,00;
1214053;"Proszowice (3)";37,13;
1214054;"Proszowice - miasto (4)";100,00;
1215000;"Powiat suski";23,89;
1215011;"Jordanów (1)";100,00;
1215021;"Sucha Beskidzka (1)";100,00;
1215063;"Maków Podhalański (3)";35,15;
1215064;"Maków Podhalański - miasto (4)";100,00;
1216000;"Powiat tarnowski";11,58;
1216013;"Ciężkowice (3)";22,59;
1216014;"Ciężkowice - miasto (4)";100,00;
1216053;"Radłów (3)";28,74;
1216054;"Radłów - miasto (4)";100,00;
1216063;"Ryglice (3)";23,86;
1216064;"Ryglice - miasto (4)";100,00;
1216103;"Tuchów (3)";36,36;
1216104;"Tuchów - miasto (4)";100,00;
1216133;"Wojnicz (3)";24,03;
1216134;"Wojnicz - miasto (4)";100,00;
1216143;"Zakliczyn (3)";12,78;
1216144;"Zakliczyn - miasto (4)";100,00;
1216153;"Żabno (3)";22,29;
1216154;"Żabno - miasto (4)";100,00;
1217000;"Powiat tatrzański";37,91;
1217011;"Zakopane (1)";100,00;
1218000;"Powiat wadowicki";25,28;
1218013;"Andrychów (3)";43,65;
1218014;"Andrychów - miasto (4)";100,00;
1218033;"Kalwaria Zebrzydowska (3)";21,62;
1218034;"Kalwaria Zebrzydowska - miasto (4)";100,00;
1218093;"Wadowice (3)";47,14;
1218094;"Wadowice - miasto (4)";100,00;
1219000;"Powiat wielicki";31,09;
1219043;"Niepołomice (3)";50,66;
1219044;"Niepołomice - miasto (4)";100,00;
1219053;"Wieliczka (3)";40,41;
1219054;"Wieliczka - miasto (4)";100,00;
1261000;"Powiat m. Kraków";100,00;
1261011;"Kraków (1)";100,00;
1262000;"Powiat m. Nowy Sącz";100,00;
1262011;"Nowy Sącz (1)";100,00;
1263000;"Powiat m. Tarnów";100,00;
1263011;"Tarnów (1)";100,00;
1400000;"MAZOWIECKIE";64,64;
1401000;"Powiat białobrzeski";22,40;
1401013;"Białobrzegi (3)";65,61;
1401014;"Białobrzegi - miasto (4)";100,00;
1401063;"Wyśmierzyce (3)";32,81;
1401064;"Wyśmierzyce - miasto (4)";100,00;
1402000;"Powiat ciechanowski";52,28;
1402011;"Ciechanów (1)";100,00;
1402033;"Glinojeck (3)";39,14;
1402034;"Glinojeck - miasto (4)";100,00;
1403000;"Powiat garwoliński";28,35;
1403011;"Garwolin (1)";100,00;
1403021;"Łaskarzew (1)";100,00;
1403103;"Pilawa (3)";41,99;
1403104;"Pilawa - miasto (4)";100,00;
1403143;"Żelechów (3)";47,84;
1403144;"Żelechów - miasto (4)";100,00;
1404000;"Powiat gostyniński";44,29;
1404011;"Gostynin (1)";100,00;
1404043;"Sanniki (3)";30,70;
1404044;"Sanniki - miasto (4)";100,00;
1405000;"Powiat grodziski";51,97;
1405011;"Milanówek (1)";100,00;
1405021;"Podkowa Leśna (1)";100,00;
1405043;"Grodzisk Mazowiecki (3)";62,61;
1405044;"Grodzisk Mazowiecki - miasto (4)";100,00;
1406000;"Powiat grójecki";35,35;
1406053;"Grójec (3)";64,09;
1406054;"Grójec - miasto (4)";100,00;
1406073;"Mogielnica (3)";25,97;
1406074;"Mogielnica - miasto (4)";100,00;
1406083;"Nowe Miasto nad Pilicą (3)";49,00;
1406084;"Nowe Miasto nad Pilicą - miasto (4)";100,00;
1406113;"Warka (3)";62,18;
1406114;"Warka - miasto (4)";100,00;
1407000;"Powiat kozienicki";27,17;
1407053;"Kozienice (3)";55,97;
1407054;"Kozienice - miasto (4)";100,00;
1408000;"Powiat legionowski";43,92;
1408011;"Legionowo (1)";100,00;
1408043;"Serock (3)";29,81;
1408044;"Serock - miasto (4)";100,00;
1409000;"Powiat lipski";18,63;
1409033;"Lipsko (3)";49,23;
1409034;"Lipsko - miasto (4)";100,00;
1409063;"Solec nad Wisłą (3)";20,43;
1409064;"Solec nad Wisłą - miasto (4)";100,00;
1410000;"Powiat łosicki";23,78;
1410023;"Łosice (3)";65,39;
1410024;"Łosice - miasto (4)";100,00;
1411000;"Powiat makowski";27,69;
1411011;"Maków Mazowiecki (1)";100,00;
1411073;"Różan (3)";61,86;
1411074;"Różan - miasto (4)";100,00;
1412000;"Powiat miński";47,05;
1412011;"Mińsk Mazowiecki (1)";100,00;
1412043;"Cegłów (3)";38,05;
1412044;"Cegłów - miasto (4)";100,00;
1412073;"Halinów (3)";20,56;
1412074;"Halinów - miasto (4)";100,00;
1412093;"Kałuszyn (3)";48,92;
1412094;"Kałuszyn - miasto (4)";100,00;
1412103;"Latowicz (3)";26,08;
1412104;"Latowicz - miasto (4)";100,00;
1412123;"Mrozy (3)";41,90;
1412124;"Mrozy - miasto (4)";100,00;
1412151;"Sulejówek (1)";100,00;
1413000;"Powiat mławski";44,59;
1413011;"Mława (1)";100,00;
1414000;"Powiat nowodworski";49,00;
1414011;"Nowy Dwór Mazowiecki (1)";100,00;
1414043;"Nasielsk (3)";38,00;
1414044;"Nasielsk - miasto (4)";100,00;
1414063;"Zakroczym (3)";53,31;
1414064;"Zakroczym - miasto (4)";100,00;
1415000;"Powiat ostrołęcki";3,64;
1415083;"Myszyniec (3)";31,97;
1415084;"Myszyniec - miasto (4)";100,00;
1416000;"Powiat ostrowski";34,00;
1416011;"Ostrów Mazowiecka (1)";100,00;
1416043;"Brok (3)";67,49;
1416044;"Brok - miasto (4)";100,00;
1417000;"Powiat otwocki";58,65;
1417011;"Józefów (1)";100,00;
1417021;"Otwock (1)";100,00;
1417043;"Karczew (3)";58,42;
1417044;"Karczew - miasto (4)";100,00;
1418000;"Powiat piaseczyński";39,68;
1418013;"Góra Kalwaria (3)";42,72;
1418014;"Góra Kalwaria - miasto (4)";100,00;
1418023;"Konstancin-Jeziorna (3)";67,34;
1418024;"Konstancin-Jeziorna - miasto (4)";100,00;
1418043;"Piaseczno (3)";53,42;
1418044;"Piaseczno - miasto (4)";100,00;
1418063;"Tarczyn (3)";34,85;
1418064;"Tarczyn - miasto (4)";100,00;
1419000;"Powiat płocki";9,38;
1419023;"Bodzanów (3)";14,46;
1419024;"Bodzanów - miasto (4)";100,00;
1419053;"Drobin (3)";36,10;
1419054;"Drobin - miasto (4)";100,00;
1419063;"Gąbin (3)";36,98;
1419064;"Gąbin - miasto (4)";100,00;
1419153;"Wyszogród (3)";46,26;
1419154;"Wyszogród - miasto (4)";100,00;
1420000;"Powiat płoński";35,61;
1420011;"Płońsk (1)";100,00;
1420021;"Raciąż (1)";100,00;
1420043;"Czerwińsk nad Wisłą (3)";13,73;
1420044;"Czerwińsk nad Wisłą - miasto (4)";100,00;
1420083;"Nowe Miasto (3)";33,30;
1420084;"Nowe Miasto - miasto (4)";100,00;
1420113;"Sochocin (3)";34,27;
1420114;"Sochocin - miasto (4)";100,00;
1421000;"Powiat pruszkowski";57,31;
1421011;"Piastów (1)";100,00;
1421021;"Pruszków (1)";100,00;
1421033;"Brwinów (3)";48,56;
1421034;"Brwinów - miasto (4)";100,00;
1422000;"Powiat przasnyski";39,26;
1422011;"Przasnysz (1)";100,00;
1422023;"Chorzele (3)";31,35;
1422024;"Chorzele - miasto (4)";100,00;
1423000;"Powiat przysuski";13,70;
1423063;"Przysucha (3)";48,88;
1423064;"Przysucha - miasto (4)";100,00;
1424000;"Powiat pułtuski";37,89;
1424043;"Pułtusk (3)";79,01;
1424044;"Pułtusk - miasto (4)";100,00;
1425000;"Powiat radomski";19,02;
1425011;"Pionki (1)";100,00;
1425033;"Iłża (3)";31,53;
1425034;"Iłża - miasto (4)";100,00;
1425063;"Jedlnia-Letnisko (3)";29,06;
1425064;"Jedlnia-Letnisko - miasto (4)";100,00;
1425103;"Skaryszew (3)";28,67;
1425104;"Skaryszew - miasto (4)";100,00;
1426000;"Powiat siedlecki";1,99;
1426053;"Mordy (3)";29,98;
1426054;"Mordy - miasto (4)";100,00;
1427000;"Powiat sierpecki";35,10;
1427011;"Sierpc (1)";100,00;
1428000;"Powiat sochaczewski";40,22;
1428011;"Sochaczew (1)";100,00;
1429000;"Powiat sokołowski";40,59;
1429011;"Sokołów Podlaski (1)";100,00;
1429053;"Kosów Lacki (3)";36,78;
1429054;"Kosów Lacki - miasto (4)";100,00;
1430000;"Powiat szydłowiecki";31,29;
1430023;"Jastrząb (3)";22,98;
1430024;"Jastrząb - miasto (4)";100,00;
1430053;"Szydłowiec (3)";61,33;
1430054;"Szydłowiec - miasto (4)";100,00;
1432000;"Powiat warszawski zachodni";34,04;
1432013;"Błonie (3)";54,29;
1432014;"Błonie - miasto (4)";100,00;
1432053;"Łomianki (3)";57,16;
1432054;"Łomianki - miasto (4)";100,00;
1432063;"Ożarów Mazowiecki (3)";49,54;
1432064;"Ożarów Mazowiecki - miasto (4)";100,00;
1433000;"Powiat węgrowski";29,70;
1433011;"Węgrów (1)";100,00;
1433053;"Łochów (3)";37,92;
1433054;"Łochów - miasto (4)";100,00;
1434000;"Powiat wołomiński";71,31;
1434011;"Kobyłka (1)";100,00;
1434021;"Marki (1)";100,00;
1434031;"Ząbki (1)";100,00;
1434041;"Zielonka (1)";100,00;
1434063;"Jadów (3)";12,85;
1434064;"Jadów - miasto (4)";100,00;
1434093;"Radzymin (3)";47,82;
1434094;"Radzymin - miasto (4)";100,00;
1434113;"Tłuszcz (3)";39,79;
1434114;"Tłuszcz - miasto (4)";100,00;
1434123;"Wołomin (3)";69,77;
1434124;"Wołomin - miasto (4)";100,00;
1435000;"Powiat wyszkowski";35,43;
1435053;"Wyszków (3)";66,15;
1435054;"Wyszków - miasto (4)";100,00;
1436000;"Powiat zwoleński";20,89;
1436053;"Zwoleń (3)";49,78;
1436054;"Zwoleń - miasto (4)";100,00;
1437000;"Powiat żuromiński";32,83;
1437013;"Bieżuń (3)";37,74;
1437014;"Bieżuń - miasto (4)";100,00;
1437033;"Lubowidz (3)";23,93;
1437034;"Lubowidz - miasto (4)";100,00;
1437063;"Żuromin (3)";63,46;
1437064;"Żuromin - miasto (4)";100,00;
1438000;"Powiat żyrardowski";61,38;
1438011;"Żyrardów (1)";100,00;
1438023;"Mszczonów (3)";53,84;
1438024;"Mszczonów - miasto (4)";100,00;
1438053;"Wiskitki (3)";14,48;
1438054;"Wiskitki - miasto (4)";100,00;
1461000;"Powiat m. Ostrołęka";100,00;
1461011;"Ostrołęka (1)";100,00;
1462000;"Powiat m. Płock";100,00;
1462011;"Płock (1)";100,00;
1463000;"Powiat m. Radom";100,00;
1463011;"Radom (1)";100,00;
1464000;"Powiat m. Siedlce";100,00;
1464011;"Siedlce (1)";100,00;
1465000;"Powiat m. st. Warszawa";100,00;
1465011;"M.st.Warszawa od 2002 (1)";100,00;
1465028;"Bemowo - dzielnica (8)";100,00;
1465038;"Białołęka - dzielnica (8)";100,00;
1465048;"Bielany - dzielnica (8)";100,00;
1465058;"Mokotów - dzielnica (8)";100,00;
1465068;"Ochota - dzielnica (8)";100,00;
1465078;"Praga-Południe - dzielnica (8)";100,00;
1465088;"Praga-Północ - dzielnica (8)";100,00;
1465098;"Rembertów - dzielnica (8)";100,00;
1465108;"Śródmieście - dzielnica (8)";100,00;
1465118;"Targówek - dzielnica (8)";100,00;
1465128;"Ursus - dzielnica (8)";100,00;
1465138;"Ursynów - dzielnica (8)";100,00;
1465148;"Wawer - dzielnica (8)";100,00;
1465158;"Wesoła - dzielnica (8)";100,00;
1465168;"Wilanów - dzielnica (8)";100,00;
1465178;"Włochy - dzielnica (8)";100,00;
1465188;"Wola - dzielnica (8)";100,00;
1465198;"Żoliborz - dzielnica (8)";100,00;
1600000;"OPOLSKIE";52,74;
1601000;"Powiat brzeski";54,43;
1601011;"Brzeg (1)";100,00;
1601033;"Grodków (3)";44,08;
1601034;"Grodków - miasto (4)";100,00;
1601043;"Lewin Brzeski (3)";44,95;
1601044;"Lewin Brzeski - miasto (4)";100,00;
1602000;"Powiat głubczycki";46,75;
1602013;"Baborów (3)";49,76;
1602014;"Baborów - miasto (4)";100,00;
1602033;"Głubczyce (3)";55,89;
1602034;"Głubczyce - miasto (4)";100,00;
1602043;"Kietrz (3)";55,04;
1602044;"Kietrz - miasto (4)";100,00;
1603000;"Powiat kędzierzyńsko-kozielski";63,12;
1603011;"Kędzierzyn-Koźle (1)";100,00;
1604000;"Powiat kluczborski";50,14;
1604013;"Byczyna (3)";39,09;
1604014;"Byczyna - miasto (4)";100,00;
1604023;"Kluczbork (3)";64,57;
1604024;"Kluczbork - miasto (4)";100,00;
1604043;"Wołczyn (3)";43,64;
1604044;"Wołczyn - miasto (4)";100,00;
1605000;"Powiat krapkowicki";53,41;
1605013;"Gogolin (3)";55,05;
1605014;"Gogolin - miasto (4)";100,00;
1605023;"Krapkowice (3)";71,02;
1605024;"Krapkowice - miasto (4)";100,00;
1605053;"Zdzieszowice (3)";72,05;
1605054;"Zdzieszowice - miasto (4)";100,00;
1606000;"Powiat namysłowski";40,01;
1606023;"Namysłów (3)";63,95;
1606024;"Namysłów - miasto (4)";100,00;
1607000;"Powiat nyski";52,96;
1607013;"Głuchołazy (3)";56,62;
1607014;"Głuchołazy - miasto (4)";100,00;
1607033;"Korfantów (3)";20,19;
1607034;"Korfantów - miasto (4)";100,00;
1607053;"Nysa (3)";75,71;
1607054;"Nysa - miasto (4)";100,00;
1607063;"Otmuchów (3)";48,52;
1607064;"Otmuchów - miasto (4)";100,00;
1607073;"Paczków (3)";57,92;
1607074;"Paczków - miasto (4)";100,00;
1608000;"Powiat oleski";35,94;
1608013;"Dobrodzień (3)";37,70;
1608014;"Dobrodzień - miasto (4)";100,00;
1608023;"Gorzów Śląski (3)";34,96;
1608024;"Gorzów Śląski - miasto (4)";100,00;
1608033;"Olesno (3)";52,56;
1608034;"Olesno - miasto (4)";100,00;
1608043;"Praszka (3)";55,27;
1608044;"Praszka - miasto (4)";100,00;
1609000;"Powiat opolski";16,54;
1609073;"Niemodlin (3)";46,61;
1609074;"Niemodlin - miasto (4)";100,00;
1609083;"Ozimek (3)";43,07;
1609084;"Ozimek - miasto (4)";100,00;
1609103;"Prószków (3)";28,50;
1609104;"Prószków - miasto (4)";100,00;
1609123;"Tułowice (3)";73,68;
1609124;"Tułowice - miasto (4)";100,00;
1610000;"Powiat prudnicki";51,85;
1610013;"Biała (3)";22,90;
1610014;"Biała - miasto (4)";100,00;
1610023;"Głogówek (3)";43,30;
1610024;"Głogówek - miasto (4)";100,00;
1610043;"Prudnik (3)";76,32;
1610044;"Prudnik - miasto (4)";100,00;
1611000;"Powiat strzelecki";43,37;
1611033;"Kolonowskie (3)";56,17;
1611034;"Kolonowskie - miasto (4)";100,00;
1611043;"Leśnica (3)";34,43;
1611044;"Leśnica - miasto (4)";100,00;
1611053;"Strzelce Opolskie (3)";58,50;
1611054;"Strzelce Opolskie - miasto (4)";100,00;
1611063;"Ujazd (3)";28,56;
1611064;"Ujazd - miasto (4)";100,00;
1611073;"Zawadzkie (3)";60,87;
1611074;"Zawadzkie - miasto (4)";100,00;
1661000;"Powiat m. Opole";100,00;
1661011;"Opole (1)";100,00;
1800000;"PODKARPACKIE";40,99;
1801000;"Powiat bieszczadzki";40,82;
1801083;"Ustrzyki Dolne (3)";51,62;
1801084;"Ustrzyki Dolne - miasto (4)";100,00;
1802000;"Powiat brzozowski";11,33;
1802013;"Brzozów (3)";27,66;
1802014;"Brzozów - miasto (4)";100,00;
1803000;"Powiat dębicki";38,21;
1803011;"Dębica (1)";100,00;
1803023;"Brzostek (3)";21,22;
1803024;"Brzostek - miasto (4)";100,00;
1803063;"Pilzno (3)";27,37;
1803064;"Pilzno - miasto (4)";100,00;
1804000;"Powiat jarosławski";37,85;
1804011;"Jarosław (1)";100,00;
1804021;"Radymno (1)";100,00;
1804073;"Pruchnik (3)";39,15;
1804074;"Pruchnik - miasto (4)";100,00;
1805000;"Powiat jasielski";31,32;
1805011;"Jasło (1)";100,00;
1805053;"Kołaczyce (3)";15,82;
1805054;"Kołaczyce - miasto (4)";100,00;
1806000;"Powiat kolbuszowski";13,89;
1806023;"Kolbuszowa (3)";35,09;
1806024;"Kolbuszowa - miasto (4)";100,00;
1807000;"Powiat krośnieński";11,58;
1807023;"Dukla (3)";14,23;
1807024;"Dukla - miasto (4)";100,00;
1807033;"Iwonicz-Zdrój (3)";15,06;
1807034;"Iwonicz-Zdrój - miasto (4)";100,00;
1807043;"Jedlicze (3)";37,09;
1807044;"Jedlicze - miasto (4)";100,00;
1807083;"Rymanów (3)";23,32;
1807084;"Rymanów - miasto (4)";100,00;
1808000;"Powiat leżajski";27,07;
1808011;"Leżajsk (1)";100,00;
1808053;"Nowa Sarzyna (3)";25,59;
1808054;"Nowa Sarzyna - miasto (4)";100,00;
1809000;"Powiat lubaczowski";34,10;
1809011;"Lubaczów (1)";100,00;
1809023;"Cieszanów (3)";26,94;
1809024;"Cieszanów - miasto (4)";100,00;
1809053;"Narol (3)";26,28;
1809054;"Narol - miasto (4)";100,00;
1809063;"Oleszyce (3)";46,29;
1809064;"Oleszyce - miasto (4)";100,00;
1810000;"Powiat łańcucki";21,90;
1810011;"Łańcut (1)";100,00;
1811000;"Powiat mielecki";46,77;
1811011;"Mielec (1)";100,00;
1811073;"Przecław (3)";15,16;
1811074;"Przecław - miasto (4)";100,00;
1811083;"Radomyśl Wielki (3)";23,94;
1811084;"Radomyśl Wielki - miasto (4)";100,00;
1812000;"Powiat niżański";34,86;
1812053;"Nisko (3)";68,12;
1812054;"Nisko - miasto (4)";100,00;
1812063;"Rudnik nad Sanem (3)";64,87;
1812064;"Rudnik nad Sanem - miasto (4)";100,00;
1812073;"Ulanów (3)";17,40;
1812074;"Ulanów - miasto (4)";100,00;
1813000;"Powiat przemyski";1,13;
1813023;"Dubiecko (3)";9,13;
1813024;"Dubiecko - miasto (4)";100,00;
1814000;"Powiat przeworski";25,65;
1814011;"Przeworsk (1)";100,00;
1814053;"Kańczuga (3)";24,86;
1814054;"Kańczuga - miasto (4)";100,00;
1814073;"Sieniawa (3)";29,76;
1814074;"Sieniawa - miasto (4)";100,00;
1815000;"Powiat ropczycko-sędziszowski";38,04;
1815033;"Ropczyce (3)";58,08;
1815034;"Ropczyce - miasto (4)";100,00;
1815043;"Sędziszów Małopolski (3)";51,95;
1815044;"Sędziszów Małopolski - miasto (4)";100,00;
1816000;"Powiat rzeszowski";19,27;
1816011;"Dynów (1)";100,00;
1816023;"Błażowa (3)";19,37;
1816024;"Błażowa - miasto (4)";100,00;
1816033;"Boguchwała (3)";28,54;
1816034;"Boguchwała - miasto (4)";100,00;
1816063;"Głogów Małopolski (3)";53,67;
1816064;"Głogów Małopolski - miasto (4)";100,00;
1816113;"Sokołów Małopolski (3)";25,08;
1816114;"Sokołów Małopolski - miasto (4)";100,00;
1816143;"Tyczyn (3)";39,59;
1816144;"Tyczyn - miasto (4)";100,00;
1817000;"Powiat sanocki";43,74;
1817011;"Sanok (1)";100,00;
1817073;"Zagórz (3)";38,83;
1817074;"Zagórz - miasto (4)";100,00;
1818000;"Powiat stalowowolski";57,40;
1818011;"Stalowa Wola (1)";100,00;
1818053;"Zaklików (3)";34,71;
1818054;"Zaklików - miasto (4)";100,00;
1819000;"Powiat strzyżowski";14,19;
1819043;"Strzyżów (3)";42,54;
1819044;"Strzyżów - miasto (4)";100,00;
1820000;"Powiat tarnobrzeski";23,12;
1820013;"Baranów Sandomierski (3)";12,34;
1820014;"Baranów Sandomierski - miasto (4)";100,00;
1820043;"Nowa Dęba (3)";60,93;
1820044;"Nowa Dęba - miasto (4)";100,00;
1821000;"Powiat leski";20,07;
1821033;"Lesko (3)";47,18;
1821034;"Lesko - miasto (4)";100,00;
1861000;"Powiat m. Krosno";100,00;
1861011;"Krosno (1)";100,00;
1862000;"Powiat m. Przemyśl";100,00;
1862011;"Przemyśl (1)";100,00;
1863000;"Powiat m. Rzeszów";100,00;
1863011;"Rzeszów (1)";100,00;
1864000;"Powiat m. Tarnobrzeg";100,00;
1864011;"Tarnobrzeg (1)";100,00;
2000000;"PODLASKIE";60,81;
2001000;"Powiat augustowski";57,02;
2001011;"Augustów (1)";100,00;
2001043;"Lipsk (3)";46,92;
2001044;"Lipsk - miasto (4)";100,00;
2002000;"Powiat białostocki";34,36;
2002013;"Choroszcz (3)";33,67;
2002014;"Choroszcz - miasto (4)";100,00;
2002023;"Czarna Białostocka (3)";80,61;
2002024;"Czarna Białostocka - miasto (4)";100,00;
2002063;"Łapy (3)";71,17;
2002064;"Łapy - miasto (4)";100,00;
2002073;"Michałowo (3)";46,98;
2002074;"Michałowo - miasto (4)";100,00;
2002093;"Supraśl (3)";23,86;
2002094;"Supraśl - miasto (4)";100,00;
2002103;"Suraż (3)";50,60;
2002104;"Suraż - miasto (4)";100,00;
2002123;"Tykocin (3)";32,59;
2002124;"Tykocin - miasto (4)";100,00;
2002133;"Wasilków (3)";60,93;
2002134;"Wasilków - miasto (4)";100,00;
2002143;"Zabłudów (3)";24,80;
2002144;"Zabłudów - miasto (4)";100,00;
2003000;"Powiat bielski";53,99;
2003011;"Bielsk Podlaski (1)";100,00;
2003021;"Brańsk (1)";100,00;
2004000;"Powiat grajewski";57,50;
2004011;"Grajewo (1)";100,00;
2004043;"Rajgród (3)";30,31;
2004044;"Rajgród - miasto (4)";100,00;
2004053;"Szczuczyn (3)";55,03;
2004054;"Szczuczyn - miasto (4)";100,00;
2005000;"Powiat hajnowski";51,59;
2005011;"Hajnówka (1)";100,00;
2005073;"Kleszczele (3)";50,07;
2005074;"Kleszczele - miasto (4)";100,00;
2006000;"Powiat kolneński";33,17;
2006011;"Kolno (1)";100,00;
2006053;"Stawiski (3)";36,21;
2006054;"Stawiski - miasto (4)";100,00;
2007000;"Powiat łomżyński";7,59;
2007013;"Jedwabne (3)";34,37;
2007014;"Jedwabne - miasto (4)";100,00;
2007043;"Nowogród (3)";54,10;
2007044;"Nowogród - miasto (4)";100,00;
2008000;"Powiat moniecki";36,96;
2008013;"Goniądz (3)";37,42;
2008014;"Goniądz - miasto (4)";100,00;
2008043;"Knyszyn (3)";59,26;
2008044;"Knyszyn - miasto (4)";100,00;
2008063;"Mońki (3)";67,70;
2008064;"Mońki - miasto (4)";100,00;
2009000;"Powiat sejneński";26,22;
2009011;"Sejny (1)";100,00;
2010000;"Powiat siemiatycki";37,25;
2010011;"Siemiatycze (1)";100,00;
2010023;"Drohiczyn (3)";30,78;
2010024;"Drohiczyn - miasto (4)";100,00;
2011000;"Powiat sokólski";42,88;
2011013;"Dąbrowa Białostocka (3)";49,72;
2011014;"Dąbrowa Białostocka - miasto (4)";100,00;
2011043;"Krynki (3)";79,32;
2011044;"Krynki - miasto (4)";100,00;
2011083;"Sokółka (3)";71,60;
2011084;"Sokółka - miasto (4)";100,00;
2011093;"Suchowola (3)";32,37;
2011094;"Suchowola - miasto (4)";100,00;
2013000;"Powiat wysokomazowiecki";33,49;
2013011;"Wysokie Mazowieckie (1)";100,00;
2013023;"Ciechanowiec (3)";54,86;
2013024;"Ciechanowiec - miasto (4)";100,00;
2013033;"Czyżew (3)";41,45;
2013034;"Czyżew - miasto (4)";100,00;
2013093;"Szepietowo (3)";31,55;
2013094;"Szepietowo - miasto (4)";100,00;
2014000;"Powiat zambrowski";50,39;
2014011;"Zambrów (1)";100,00;
2061000;"Powiat m. Białystok";100,00;
2061011;"Białystok (1)";100,00;
2062000;"Powiat m. Łomża";100,00;
2062011;"Łomża (1)";100,00;
2063000;"Powiat m. Suwałki";100,00;
2063011;"Suwałki (1)";100,00;
2200000;"POMORSKIE";62,32;
2201000;"Powiat bytowski";33,64;
2201023;"Bytów (3)";65,23;
2201024;"Bytów - miasto (4)";100,00;
2201063;"Miastko (3)";52,68;
2201064;"Miastko - miasto (4)";100,00;
2202000;"Powiat chojnicki";55,87;
2202011;"Chojnice (1)";100,00;
2202023;"Brusy (3)";35,50;
2202024;"Brusy - miasto (4)";100,00;
2202043;"Czersk (3)";46,34;
2202044;"Czersk - miasto (4)";100,00;
2203000;"Powiat człuchowski";44,11;
2203011;"Człuchów (1)";100,00;
2203023;"Czarne (3)";65,43;
2203024;"Czarne - miasto (4)";100,00;
2203043;"Debrzno (3)";56,99;
2203044;"Debrzno - miasto (4)";100,00;
2204000;"Powiat gdański";24,42;
2204011;"Pruszcz Gdański (1)";100,00;
2205000;"Powiat kartuski";13,33;
2205023;"Kartuzy (3)";40,16;
2205024;"Kartuzy - miasto (4)";100,00;
2205083;"Żukowo (3)";13,16;
2205084;"Żukowo - miasto (4)";100,00;
2206000;"Powiat kościerski";32,27;
2206011;"Kościerzyna (1)";100,00;
2207000;"Powiat kwidzyński";56,08;
2207011;"Kwidzyn (1)";100,00;
2207043;"Prabuty (3)";66,15;
2207044;"Prabuty - miasto (4)";100,00;
2208000;"Powiat lęborski";58,14;
2208011;"Lębork (1)";100,00;
2208021;"Łeba (1)";100,00;
2209000;"Powiat malborski";67,13;
2209011;"Malbork (1)";100,00;
2209073;"Nowy Staw (3)";56,69;
2209074;"Nowy Staw - miasto (4)";100,00;
2210000;"Powiat nowodworski";31,63;
2210011;"Krynica Morska (1)";100,00;
2210023;"Nowy Dwór Gdański (3)";56,09;
2210024;"Nowy Dwór Gdański - miasto (4)";100,00;
2211000;"Powiat pucki";27,37;
2211011;"Hel (1)";100,00;
2211023;"Jastarnia (3)";74,74;
2211024;"Jastarnia - miasto (4)";100,00;
2211031;"Puck (1)";100,00;
2211043;"Władysławowo (3)";64,59;
2211044;"Władysławowo - miasto (4)";100,00;
2212000;"Powiat słupski";17,66;
2212011;"Ustka (1)";100,00;
2212053;"Kępice (3)";40,17;
2212054;"Kępice - miasto (4)";100,00;
2213000;"Powiat starogardzki";46,33;
2213013;"Czarna Woda (3)";87,78;
2213014;"Czarna Woda - miasto (4)";100,00;
2213021;"Skórcz (1)";100,00;
2213031;"Starogard Gdański (1)";100,00;
2213093;"Skarszewy (3)";45,55;
2213094;"Skarszewy - miasto (4)";100,00;
2214000;"Powiat tczewski";63,12;
2214011;"Tczew (1)";100,00;
2214023;"Gniew (3)";42,92;
2214024;"Gniew - miasto (4)";100,00;
2214043;"Pelplin (3)";47,36;
2214044;"Pelplin - miasto (4)";100,00;
2215000;"Powiat wejherowski";55,84;
2215011;"Reda (1)";100,00;
2215021;"Rumia (1)";100,00;
2215031;"Wejherowo (1)";100,00;
2216000;"Powiat sztumski";36,51;
2216013;"Dzierzgoń (3)";56,47;
2216014;"Dzierzgoń - miasto (4)";100,00;
2216053;"Sztum (3)";53,52;
2216054;"Sztum - miasto (4)";100,00;
2261000;"Powiat m. Gdańsk";100,00;
2261011;"Gdańsk (1)";100,00;
2262000;"Powiat m. Gdynia";100,00;
2262011;"Gdynia (1)";100,00;
2263000;"Powiat m. Słupsk";100,00;
2263011;"Słupsk (1)";100,00;
2264000;"Powiat m. Sopot";100,00;
2264011;"Sopot (1)";100,00;
2400000;"ŚLĄSKIE";75,79;
2401000;"Powiat będziński";72,41;
2401011;"Będzin (1)";100,00;
2401021;"Czeladź (1)";100,00;
2401031;"Wojkowice (1)";100,00;
2401073;"Siewierz (3)";44,88;
2401074;"Siewierz - miasto (4)";100,00;
2401081;"Sławków (1)";100,00;
2402000;"Powiat bielski";26,07;
2402011;"Szczyrk (1)";100,00;
2402043;"Czechowice-Dziedzice (3)";78,32;
2402044;"Czechowice-Dziedzice - miasto (4)";100,00;
2402093;"Wilamowice (3)";17,38;
2402094;"Wilamowice - miasto (4)";100,00;
2403000;"Powiat cieszyński";43,72;
2403011;"Cieszyn (1)";100,00;
2403021;"Ustroń (1)";100,00;
2403031;"Wisła (1)";100,00;
2403103;"Skoczów (3)";51,26;
2403104;"Skoczów - miasto (4)";100,00;
2403113;"Strumień (3)";26,89;
2403114;"Strumień - miasto (4)";100,00;
2404000;"Powiat częstochowski";12,84;
2404013;"Blachownia (3)";72,72;
2404014;"Blachownia - miasto (4)";100,00;
2404063;"Koniecpol (3)";61,90;
2404064;"Koniecpol - miasto (4)";100,00;
2404123;"Olsztyn (3)";30,20;
2404124;"Olsztyn - miasto (4)";100,00;
2405000;"Powiat gliwicki";51,51;
2405011;"Knurów (1)";100,00;
2405021;"Pyskowice (1)";100,00;
2405063;"Sośnicowice (3)";21,60;
2405064;"Sośnicowice - miasto (4)";100,00;
2405073;"Toszek (3)";37,75;
2405074;"Toszek - miasto (4)";100,00;
2406000;"Powiat kłobucki";19,91;
2406013;"Kłobuck (3)";62,18;
2406014;"Kłobuck - miasto (4)";100,00;
2406023;"Krzepice (3)";48,19;
2406024;"Krzepice - miasto (4)";100,00;
2407000;"Powiat lubliniecki";36,68;
2407011;"Lubliniec (1)";100,00;
2407083;"Woźniki (3)";44,00;
2407084;"Woźniki - miasto (4)";100,00;
2408000;"Powiat mikołowski";84,72;
2408011;"Łaziska Górne (1)";100,00;
2408021;"Mikołów (1)";100,00;
2408031;"Orzesze (1)";100,00;
2409000;"Powiat myszkowski";53,40;
2409011;"Myszków (1)";100,00;
2409023;"Koziegłowy (3)";16,88;
2409024;"Koziegłowy - miasto (4)";100,00;
2409053;"Żarki (3)";53,20;
2409054;"Żarki - miasto (4)";100,00;
2410000;"Powiat pszczyński";22,60;
2410053;"Pszczyna (3)";47,49;
2410054;"Pszczyna - miasto (4)";100,00;
2411000;"Powiat raciborski";56,63;
2411011;"Racibórz (1)";100,00;
2411033;"Krzanowice (3)";37,95;
2411034;"Krzanowice - miasto (4)";100,00;
2411053;"Kuźnia Raciborska (3)";43,46;
2411054;"Kuźnia Raciborska - miasto (4)";100,00;
2412000;"Powiat rybnicki";34,59;
2412013;"Czerwionka-Leszczyny (3)";66,07;
2412014;"Czerwionka-Leszczyny - miasto (4)";100,00;
2413000;"Powiat tarnogórski";66,46;
2413011;"Kalety (1)";100,00;
2413021;"Miasteczko Śląskie (1)";100,00;
2413031;"Radzionków (1)";100,00;
2413041;"Tarnowskie Góry (1)";100,00;
2414000;"Powiat bieruńsko-lędziński";74,97;
2414011;"Bieruń (1)";100,00;
2414021;"Imielin (1)";100,00;
2414031;"Lędziny (1)";100,00;
2415000;"Powiat wodzisławski";63,11;
2415011;"Pszów (1)";100,00;
2415021;"Radlin (1)";100,00;
2415031;"Rydułtowy (1)";100,00;
2415041;"Wodzisław Śląski (1)";100,00;
2416000;"Powiat zawierciański";63,55;
2416011;"Poręba (1)";100,00;
2416021;"Zawiercie (1)";100,00;
2416053;"Łazy (3)";41,06;
2416054;"Łazy - miasto (4)";100,00;
2416063;"Ogrodzieniec (3)";46,33;
2416064;"Ogrodzieniec - miasto (4)";100,00;
2416073;"Pilica (3)";21,91;
2416074;"Pilica - miasto (4)";100,00;
2416083;"Szczekociny (3)";48,43;
2416084;"Szczekociny - miasto (4)";100,00;
2416093;"Włodowice (3)";22,47;
2416094;"Włodowice - miasto (4)";100,00;
2417000;"Powiat żywiecki";19,98;
2417011;"Żywiec (1)";100,00;
2461000;"Powiat m. Bielsko-Biała";100,00;
2461011;"Bielsko-Biała (1)";100,00;
2462000;"Powiat m. Bytom";100,00;
2462011;"Bytom (1)";100,00;
2463000;"Powiat m. Chorzów";100,00;
2463011;"Chorzów (1)";100,00;
2464000;"Powiat m. Częstochowa";100,00;
2464011;"Częstochowa (1)";100,00;
2465000;"Powiat m. Dąbrowa Górnicza";100,00;
2465011;"Dąbrowa Górnicza (1)";100,00;
2466000;"Powiat m. Gliwice";100,00;
2466011;"Gliwice (1)";100,00;
2467000;"Powiat m. Jastrzębie-Zdrój";100,00;
2467011;"Jastrzębie-Zdrój (1)";100,00;
2468000;"Powiat m. Jaworzno";100,00;
2468011;"Jaworzno (1)";100,00;
2469000;"Powiat m. Katowice";100,00;
2469011;"Katowice (1)";100,00;
2470000;"Powiat m. Mysłowice";100,00;
2470011;"Mysłowice (1)";100,00;
2471000;"Powiat m. Piekary Śląskie";100,00;
2471011;"Piekary Śląskie (1)";100,00;
2472000;"Powiat m. Ruda Śląska";100,00;
2472011;"Ruda Śląska (1)";100,00;
2473000;"Powiat m. Rybnik";100,00;
2473011;"Rybnik (1)";100,00;
2474000;"Powiat m. Siemianowice Śląskie";100,00;
2474011;"Siemianowice Śląskie (1)";100,00;
2475000;"Powiat m. Sosnowiec";100,00;
2475011;"Sosnowiec (1)";100,00;
2476000;"Powiat m. Świętochłowice";100,00;
2476011;"Świętochłowice (1)";100,00;
2477000;"Powiat m. Tychy";100,00;
2477011;"Tychy (1)";100,00;
2478000;"Powiat m. Zabrze";100,00;
2478011;"Zabrze (1)";100,00;
2479000;"Powiat m. Żory";100,00;
2479011;"Żory (1)";100,00;
2600000;"ŚWIĘTOKRZYSKIE";45,06;
2601000;"Powiat buski";26,34;
2601013;"Busko-Zdrój (3)";46,89;
2601014;"Busko-Zdrój - miasto (4)";100,00;
2601033;"Nowy Korczyn (3)";16,51;
2601034;"Nowy Korczyn - miasto (4)";100,00;
2601043;"Pacanów (3)";15,03;
2601044;"Pacanów - miasto (4)";100,00;
2601063;"Stopnica (3)";15,89;
2601064;"Stopnica - miasto (4)";100,00;
2601083;"Wiślica (3)";8,69;
2601084;"Wiślica - miasto (4)";100,00;
2602000;"Powiat jędrzejowski";30,17;
2602023;"Jędrzejów (3)";52,96;
2602024;"Jędrzejów - miasto (4)";100,00;
2602033;"Małogoszcz (3)";30,38;
2602034;"Małogoszcz - miasto (4)";100,00;
2602063;"Sędziszów (3)";52,12;
2602064;"Sędziszów - miasto (4)";100,00;
2602093;"Wodzisław (3)";15,12;
2602094;"Wodzisław - miasto (4)";100,00;
2603000;"Powiat kazimierski";20,48;
2603033;"Kazimierza Wielka (3)";32,84;
2603034;"Kazimierza Wielka - miasto (4)";100,00;
2603043;"Opatowiec (3)";10,41;
2603044;"Opatowiec - miasto (4)";100,00;
2603053;"Skalbmierz (3)";19,44;
2603054;"Skalbmierz - miasto (4)";100,00;
2604000;"Powiat kielecki";10,78;
2604023;"Bodzentyn (3)";19,06;
2604024;"Bodzentyn - miasto (4)";100,00;
2604033;"Chęciny (3)";29,24;
2604034;"Chęciny - miasto (4)";100,00;
2604043;"Chmielnik (3)";32,04;
2604044;"Chmielnik - miasto (4)";100,00;
2604053;"Daleszyce (3)";16,89;
2604054;"Daleszyce - miasto (4)";100,00;
2604073;"Łagów (3)";23,17;
2604074;"Łagów - miasto (4)";100,00;
2604083;"Łopuszno (3)";16,61;
2604084;"Łopuszno - miasto (4)";100,00;
2604123;"Morawica (3)";9,87;
2604124;"Morawica - miasto (4)";100,00;
2604133;"Nowa Słupia (3)";14,65;
2604134;"Nowa Słupia - miasto (4)";100,00;
2604143;"Piekoszów (3)";17,50;
2604144;"Piekoszów - miasto (4)";100,00;
2604153;"Pierzchnica (3)";26,99;
2604154;"Pierzchnica - miasto (4)";100,00;
2605000;"Powiat konecki";34,32;
2605033;"Końskie (3)";53,55;
2605034;"Końskie - miasto (4)";100,00;
2605043;"Radoszyce (3)";34,84;
2605044;"Radoszyce - miasto (4)";100,00;
2605083;"Stąporków (3)";33,22;
2605084;"Stąporków - miasto (4)";100,00;
2606000;"Powiat opatowski";23,46;
2606023;"Iwaniska (3)";19,81;
2606024;"Iwaniska - miasto (4)";100,00;
2606043;"Opatów (3)";55,20;
2606044;"Opatów - miasto (4)";100,00;
2606053;"Ożarów (3)";41,66;
2606054;"Ożarów - miasto (4)";100,00;
2607000;"Powiat ostrowiecki";67,54;
2607011;"Ostrowiec Świętokrzyski (1)";100,00;
2607043;"Ćmielów (3)";41,48;
2607044;"Ćmielów - miasto (4)";100,00;
2607053;"Kunów (3)";29,52;
2607054;"Kunów - miasto (4)";100,00;
2608000;"Powiat pińczowski";28,77;
2608013;"Działoszyce (3)";18,51;
2608014;"Działoszyce - miasto (4)";100,00;
2608043;"Pińczów (3)";50,52;
2608044;"Pińczów - miasto (4)";100,00;
2609000;"Powiat sandomierski";37,58;
2609011;"Sandomierz (1)";100,00;
2609033;"Klimontów (3)";23,55;
2609034;"Klimontów - miasto (4)";100,00;
2609043;"Koprzywnica (3)";38,08;
2609044;"Koprzywnica - miasto (4)";100,00;
2609093;"Zawichost (3)";39,84;
2609094;"Zawichost - miasto (4)";100,00;
2610000;"Powiat skarżyski";71,47;
2610011;"Skarżysko-Kamienna (1)";100,00;
2610053;"Suchedniów (3)";81,58;
2610054;"Suchedniów - miasto (4)";100,00;
2611000;"Powiat starachowicki";56,06;
2611011;"Starachowice (1)";100,00;
2611053;"Wąchock (3)";38,95;
2611054;"Wąchock - miasto (4)";100,00;
2612000;"Powiat staszowski";37,54;
2612033;"Oleśnica (3)";45,59;
2612034;"Oleśnica - miasto (4)";100,00;
2612043;"Osiek (3)";26,81;
2612044;"Osiek - miasto (4)";100,00;
2612053;"Połaniec (3)";67,64;
2612054;"Połaniec - miasto (4)";100,00;
2612073;"Staszów (3)";55,67;
2612074;"Staszów - miasto (4)";100,00;
2612083;"Szydłów (3)";22,27;
2612084;"Szydłów - miasto (4)";100,00;
2613000;"Powiat włoszczowski";22,17;
2613063;"Włoszczowa (3)";51,24;
2613064;"Włoszczowa - miasto (4)";100,00;
2661000;"Powiat m. Kielce";100,00;
2661011;"Kielce (1)";100,00;
2800000;"WARMIŃSKO-MAZURSKIE";58,90;
2801000;"Powiat bartoszycki";55,03;
2801011;"Bartoszyce (1)";100,00;
2801021;"Górowo Iławeckie (1)";100,00;
2801043;"Bisztynek (3)";38,09;
2801044;"Bisztynek - miasto (4)";100,00;
2801063;"Sępopol (3)";33,17;
2801064;"Sępopol - miasto (4)";100,00;
2802000;"Powiat braniewski";54,89;
2802011;"Braniewo (1)";100,00;
2802033;"Frombork (3)";66,07;
2802034;"Frombork - miasto (4)";100,00;
2802053;"Pieniężno (3)";43,76;
2802054;"Pieniężno - miasto (4)";100,00;
2803000;"Powiat działdowski";44,46;
2803011;"Działdowo (1)";100,00;
2803043;"Lidzbark (3)";54,54;
2803044;"Lidzbark - miasto (4)";100,00;
2804000;"Powiat elbląski";29,19;
2804063;"Młynary (3)";40,25;
2804064;"Młynary - miasto (4)";100,00;
2804073;"Pasłęk (3)";64,21;
2804074;"Pasłęk - miasto (4)";100,00;
2804093;"Tolkmicko (3)";40,10;
2804094;"Tolkmicko - miasto (4)";100,00;
2805000;"Powiat ełcki";67,64;
2805011;"Ełk (1)";100,00;
2806000;"Powiat giżycki";55,81;
2806011;"Giżycko (1)";100,00;
2806083;"Ryn (3)";49,92;
2806084;"Ryn - miasto (4)";100,00;
2807000;"Powiat iławski";57,97;
2807011;"Iława (1)";100,00;
2807021;"Lubawa (1)";100,00;
2807043;"Kisielice (3)";36,24;
2807044;"Kisielice - miasto (4)";100,00;
2807063;"Susz (3)";44,51;
2807064;"Susz - miasto (4)";100,00;
2807073;"Zalewo (3)";33,06;
2807074;"Zalewo - miasto (4)";100,00;
2808000;"Powiat kętrzyński";58,01;
2808011;"Kętrzyn (1)";100,00;
2808043;"Korsze (3)";45,22;
2808044;"Korsze - miasto (4)";100,00;
2808053;"Reszel (3)";60,95;
2808054;"Reszel - miasto (4)";100,00;
2809000;"Powiat lidzbarski";58,93;
2809011;"Lidzbark Warmiński (1)";100,00;
2809053;"Orneta (3)";73,38;
2809054;"Orneta - miasto (4)";100,00;
2810000;"Powiat mrągowski";50,33;
2810011;"Mrągowo (1)";100,00;
2810023;"Mikołajki (3)";45,75;
2810024;"Mikołajki - miasto (4)";100,00;
2811000;"Powiat nidzicki";41,46;
2811043;"Nidzica (3)";63,99;
2811044;"Nidzica - miasto (4)";100,00;
2812000;"Powiat nowomiejski";24,04;
2812011;"Nowe Miasto Lubawskie (1)";100,00;
2813000;"Powiat olecki";49,13;
2813043;"Olecko (3)";75,02;
2813044;"Olecko - miasto (4)";100,00;
2814000;"Powiat olsztyński";28,22;
2814013;"Barczewo (3)";40,45;
2814014;"Barczewo - miasto (4)";100,00;
2814023;"Biskupiec (3)";55,96;
2814024;"Biskupiec - miasto (4)";100,00;
2814033;"Dobre Miasto (3)";61,73;
2814034;"Dobre Miasto - miasto (4)";100,00;
2814063;"Jeziorany (3)";42,33;
2814064;"Jeziorany - miasto (4)";100,00;
2814093;"Olsztynek (3)";54,64;
2814094;"Olsztynek - miasto (4)";100,00;
2815000;"Powiat ostródzki";49,36;
2815011;"Ostróda (1)";100,00;
2815063;"Miłakowo (3)";48,63;
2815064;"Miłakowo - miasto (4)";100,00;
2815073;"Miłomłyn (3)";50,76;
2815074;"Miłomłyn - miasto (4)";100,00;
2815083;"Morąg (3)";55,44;
2815084;"Morąg - miasto (4)";100,00;
2816000;"Powiat piski";59,07;
2816013;"Biała Piska (3)";35,47;
2816014;"Biała Piska - miasto (4)";100,00;
2816023;"Orzysz (3)";63,09;
2816024;"Orzysz - miasto (4)";100,00;
2816033;"Pisz (3)";68,12;
2816034;"Pisz - miasto (4)";100,00;
2816043;"Ruciane-Nida (3)";55,74;
2816044;"Ruciane-Nida - miasto (4)";100,00;
2817000;"Powiat szczycieński";40,95;
2817011;"Szczytno (1)";100,00;
2817043;"Pasym (3)";47,35;
2817044;"Pasym - miasto (4)";100,00;
2817083;"Wielbark (3)";47,76;
2817084;"Wielbark - miasto (4)";100,00;
2818000;"Powiat gołdapski";53,03;
2818033;"Gołdap (3)";69,24;
2818034;"Gołdap - miasto (4)";100,00;
2819000;"Powiat węgorzewski";50,77;
2819033;"Węgorzewo (3)";69,04;
2819034;"Węgorzewo - miasto (4)";100,00;
2861000;"Powiat m. Elbląg";100,00;
2861011;"Elbląg (1)";100,00;
2862000;"Powiat m. Olsztyn";100,00;
2862011;"Olsztyn (1)";100,00;
3000000;"WIELKOPOLSKIE";53,03;
3001000;"Powiat chodzieski";63,83;
3001011;"Chodzież (1)";100,00;
3001023;"Budzyń (3)";56,31;
3001024;"Budzyń - miasto (4)";100,00;
3001043;"Margonin (3)";47,08;
3001044;"Margonin - miasto (4)";100,00;
3001053;"Szamocin (3)";54,57;
3001054;"Szamocin - miasto (4)";100,00;
3002000;"Powiat czarnkowsko-trzcianecki";45,42;
3002011;"Czarnków (1)";100,00;
3002043;"Krzyż Wielkopolski (3)";71,41;
3002044;"Krzyż Wielkopolski - miasto (4)";100,00;
3002073;"Trzcianka (3)";70,23;
3002074;"Trzcianka - miasto (4)";100,00;
3002083;"Wieleń (3)";48,63;
3002084;"Wieleń - miasto (4)";100,00;
3003000;"Powiat gnieźnieński";58,97;
3003011;"Gniezno (1)";100,00;
3003023;"Czerniejewo (3)";35,19;
3003024;"Czerniejewo - miasto (4)";100,00;
3003053;"Kłecko (3)";35,43;
3003054;"Kłecko - miasto (4)";100,00;
3003093;"Trzemeszno (3)";53,07;
3003094;"Trzemeszno - miasto (4)";100,00;
3003103;"Witkowo (3)";57,00;
3003104;"Witkowo - miasto (4)";100,00;
3004000;"Powiat gostyński";43,14;
3004013;"Borek Wielkopolski (3)";34,64;
3004014;"Borek Wielkopolski - miasto (4)";100,00;
3004023;"Gostyń (3)";71,37;
3004024;"Gostyń - miasto (4)";100,00;
3004033;"Krobia (3)";35,79;
3004034;"Krobia - miasto (4)";100,00;
3004063;"Pogorzela (3)";43,53;
3004064;"Pogorzela - miasto (4)";100,00;
3004073;"Poniec (3)";39,03;
3004074;"Poniec - miasto (4)";100,00;
3005000;"Powiat grodziski";39,52;
3005023;"Grodzisk Wielkopolski (3)";74,24;
3005024;"Grodzisk Wielkopolski - miasto (4)";100,00;
3005043;"Rakoniewice (3)";27,09;
3005044;"Rakoniewice - miasto (4)";100,00;
3005053;"Wielichowo (3)";24,95;
3005054;"Wielichowo - miasto (4)";100,00;
3006000;"Powiat jarociński";42,63;
3006013;"Jaraczewo (3)";18,00;
3006014;"Jaraczewo - miasto (4)";100,00;
3006023;"Jarocin (3)";57,81;
3006024;"Jarocin - miasto (4)";100,00;
3006043;"Żerków (3)";21,34;
3006044;"Żerków - miasto (4)";100,00;
3007000;"Powiat kaliski";8,12;
3007053;"Koźminek (3)";24,92;
3007054;"Koźminek - miasto (4)";100,00;
3007083;"Opatówek (3)";32,88;
3007084;"Opatówek - miasto (4)";100,00;
3007093;"Stawiszyn (3)";20,48;
3007094;"Stawiszyn - miasto (4)";100,00;
3008000;"Powiat kępiński";24,19;
3008033;"Kępno (3)";56,10;
3008034;"Kępno - miasto (4)";100,00;
3009000;"Powiat kolski";34,97;
3009011;"Koło (1)";100,00;
3009043;"Dąbie (3)";29,72;
3009044;"Dąbie - miasto (4)";100,00;
3009063;"Kłodawa (3)";49,66;
3009064;"Kłodawa - miasto (4)";100,00;
3009113;"Przedecz (3)";39,17;
3009114;"Przedecz - miasto (4)";100,00;
3010000;"Powiat koniński";13,19;
3010013;"Golina (3)";34,74;
3010014;"Golina - miasto (4)";100,00;
3010043;"Kleczew (3)";40,52;
3010044;"Kleczew - miasto (4)";100,00;
3010073;"Rychwał (3)";29,85;
3010074;"Rychwał - miasto (4)";100,00;
3010103;"Sompolno (3)";33,18;
3010104;"Sompolno - miasto (4)";100,00;
3010123;"Ślesin (3)";22,23;
3010124;"Ślesin - miasto (4)";100,00;
3011000;"Powiat kościański";46,31;
3011011;"Kościan (1)";100,00;
3011023;"Czempiń (3)";44,56;
3011024;"Czempiń - miasto (4)";100,00;
3011043;"Krzywiń (3)";17,53;
3011044;"Krzywiń - miasto (4)";100,00;
3011053;"Śmigiel (3)";32,98;
3011054;"Śmigiel - miasto (4)";100,00;
3012000;"Powiat krotoszyński";59,37;
3012011;"Sulmierzyce (1)";100,00;
3012023;"Kobylin (3)";41,69;
3012024;"Kobylin - miasto (4)";100,00;
3012033;"Koźmin Wielkopolski (3)";48,68;
3012034;"Koźmin Wielkopolski - miasto (4)";100,00;
3012043;"Krotoszyn (3)";71,41;
3012044;"Krotoszyn - miasto (4)";100,00;
3012063;"Zduny (3)";56,57;
3012064;"Zduny - miasto (4)";100,00;
3013000;"Powiat leszczyński";8,85;
3013033;"Osieczna (3)";26,17;
3013034;"Osieczna - miasto (4)";100,00;
3013043;"Rydzyna (3)";27,10;
3013044;"Rydzyna - miasto (4)";100,00;
3014000;"Powiat międzychodzki";44,32;
3014033;"Międzychód (3)";55,84;
3014034;"Międzychód - miasto (4)";100,00;
3014043;"Sieraków (3)";68,54;
3014044;"Sieraków - miasto (4)";100,00;
3015000;"Powiat nowotomyski";43,67;
3015023;"Lwówek (3)";33,51;
3015024;"Lwówek - miasto (4)";100,00;
3015043;"Nowy Tomyśl (3)";48,96;
3015044;"Nowy Tomyśl - miasto (4)";100,00;
3015053;"Opalenica (3)";58,19;
3015054;"Opalenica - miasto (4)";100,00;
3015063;"Zbąszyń (3)";51,34;
3015064;"Zbąszyń - miasto (4)";100,00;
3016000;"Powiat obornicki";47,62;
3016013;"Oborniki (3)";50,55;
3016014;"Oborniki - miasto (4)";100,00;
3016023;"Rogoźno (3)";60,13;
3016024;"Rogoźno - miasto (4)";100,00;
3017000;"Powiat ostrowski";51,03;
3017011;"Ostrów Wielkopolski (1)";100,00;
3017023;"Nowe Skalmierzyce (3)";28,64;
3017024;"Nowe Skalmierzyce - miasto (4)";100,00;
3017033;"Odolanów (3)";34,17;
3017034;"Odolanów - miasto (4)";100,00;
3017063;"Raszków (3)";18,36;
3017064;"Raszków - miasto (4)";100,00;
3018000;"Powiat ostrzeszowski";31,53;
3018033;"Grabów nad Prosną (3)";24,75;
3018034;"Grabów nad Prosną - miasto (4)";100,00;
3018063;"Mikstat (3)";29,22;
3018064;"Mikstat - miasto (4)";100,00;
3018073;"Ostrzeszów (3)";57,19;
3018074;"Ostrzeszów - miasto (4)";100,00;
3019000;"Powiat pilski";67,12;
3019011;"Piła (1)";100,00;
3019033;"Kaczory (3)";37,20;
3019034;"Kaczory - miasto (4)";100,00;
3019043;"Łobżenica (3)";30,68;
3019044;"Łobżenica - miasto (4)";100,00;
3019053;"Miasteczko Krajeńskie (3)";35,23;
3019054;"Miasteczko Krajeńskie - miasto (4)";100,00;
3019073;"Ujście (3)";44,19;
3019074;"Ujście - miasto (4)";100,00;
3019083;"Wyrzysk (3)";38,91;
3019084;"Wyrzysk - miasto (4)";100,00;
3019093;"Wysoka (3)";41,37;
3019094;"Wysoka - miasto (4)";100,00;
3020000;"Powiat pleszewski";34,54;
3020013;"Chocz (3)";36,97;
3020014;"Chocz - miasto (4)";100,00;
3020033;"Dobrzyca (3)";38,30;
3020034;"Dobrzyca - miasto (4)";100,00;
3020063;"Pleszew (3)";57,29;
3020064;"Pleszew - miasto (4)";100,00;
3021000;"Powiat poznański";29,96;
3021011;"Luboń (1)";100,00;
3021021;"Puszczykowo (1)";100,00;
3021033;"Buk (3)";42,69;
3021034;"Buk - miasto (4)";100,00;
3021083;"Kostrzyn (3)";48,52;
3021084;"Kostrzyn - miasto (4)";100,00;
3021093;"Kórnik (3)";22,20;
3021094;"Kórnik - miasto (4)";100,00;
3021103;"Mosina (3)";40,87;
3021104;"Mosina - miasto (4)";100,00;
3021113;"Murowana Goślina (3)";60,32;
3021114;"Murowana Goślina - miasto (4)";100,00;
3021123;"Pobiedziska (3)";46,30;
3021124;"Pobiedziska - miasto (4)";100,00;
3021143;"Stęszew (3)";37,80;
3021144;"Stęszew - miasto (4)";100,00;
3021163;"Swarzędz (3)";49,87;
3021164;"Swarzędz - miasto (4)";100,00;
3022000;"Powiat rawicki";46,67;
3022013;"Bojanowo (3)";34,07;
3022014;"Bojanowo - miasto (4)";100,00;
3022023;"Jutrosin (3)";26,89;
3022024;"Jutrosin - miasto (4)";100,00;
3022033;"Miejska Górka (3)";34,64;
3022034;"Miejska Górka - miasto (4)";100,00;
3022053;"Rawicz (3)";65,67;
3022054;"Rawicz - miasto (4)";100,00;
3023000;"Powiat słupecki";27,38;
3023011;"Słupca (1)";100,00;
3023083;"Zagórów (3)";32,14;
3023084;"Zagórów - miasto (4)";100,00;
3024000;"Powiat szamotulski";44,76;
3024011;"Obrzycko (1)";100,00;
3024053;"Ostroróg (3)";38,87;
3024054;"Ostroróg - miasto (4)";100,00;
3024063;"Pniewy (3)";65,29;
3024064;"Pniewy - miasto (4)";100,00;
3024073;"Szamotuły (3)";60,76;
3024074;"Szamotuły - miasto (4)";100,00;
3024083;"Wronki (3)";56,15;
3024084;"Wronki - miasto (4)";100,00;
3025000;"Powiat średzki";40,57;
3025043;"Środa Wielkopolska (3)";72,22;
3025044;"Środa Wielkopolska - miasto (4)";100,00;
3026000;"Powiat śremski";52,28;
3026023;"Dolsk (3)";26,81;
3026024;"Dolsk - miasto (4)";100,00;
3026033;"Książ Wielkopolski (3)";31,63;
3026034;"Książ Wielkopolski - miasto (4)";100,00;
3026043;"Śrem (3)";65,49;
3026044;"Śrem - miasto (4)";100,00;
3027000;"Powiat turecki";35,60;
3027011;"Turek (1)";100,00;
3027033;"Dobra (3)";22,77;
3027034;"Dobra - miasto (4)";100,00;
3027073;"Tuliszków (3)";29,91;
3027074;"Tuliszków - miasto (4)";100,00;
3028000;"Powiat wągrowiecki";48,33;
3028011;"Wągrowiec (1)";100,00;
3028033;"Gołańcz (3)";40,92;
3028034;"Gołańcz - miasto (4)";100,00;
3028053;"Skoki (3)";46,89;
3028054;"Skoki - miasto (4)";100,00;
3029000;"Powiat wolsztyński";21,06;
3029033;"Wolsztyn (3)";39,50;
3029034;"Wolsztyn - miasto (4)";100,00;
3030000;"Powiat wrzesiński";53,61;
3030023;"Miłosław (3)";34,47;
3030024;"Miłosław - miasto (4)";100,00;
3030033;"Nekla (3)";48,33;
3030034;"Nekla - miasto (4)";100,00;
3030043;"Pyzdry (3)";45,57;
3030044;"Pyzdry - miasto (4)";100,00;
3030053;"Września (3)";65,63;
3030054;"Września - miasto (4)";100,00;
3031000;"Powiat złotowski";49,79;
3031011;"Złotów (1)";100,00;
3031023;"Jastrowie (3)";76,42;
3031024;"Jastrowie - miasto (4)";100,00;
3031033;"Krajenka (3)";47,49;
3031034;"Krajenka - miasto (4)";100,00;
3031053;"Okonek (3)";45,71;
3031054;"Okonek - miasto (4)";100,00;
3061000;"Powiat m. Kalisz";100,00;
3061011;"Kalisz (1)";100,00;
3062000;"Powiat m. Konin";100,00;
3062011;"Konin (1)";100,00;
3063000;"Powiat m. Leszno";100,00;
3063011;"Leszno (1)";100,00;
3064000;"Powiat m. Poznań";100,00;
3064011;"Poznań (1)";100,00;
3200000;"ZACHODNIOPOMORSKIE";68,05;
3201000;"Powiat białogardzki";68,12;
3201011;"Białogard (1)";100,00;
3201033;"Karlino (3)";64,50;
3201034;"Karlino - miasto (4)";100,00;
3201043;"Tychowo (3)";37,55;
3201044;"Tychowo - miasto (4)";100,00;
3202000;"Powiat choszczeński";47,50;
3202023;"Choszczno (3)";69,09;
3202024;"Choszczno - miasto (4)";100,00;
3202033;"Drawno (3)";46,81;
3202034;"Drawno - miasto (4)";100,00;
3202053;"Pełczyce (3)";33,47;
3202054;"Pełczyce - miasto (4)";100,00;
3202063;"Recz (3)";53,35;
3202064;"Recz - miasto (4)";100,00;
3203000;"Powiat drawski";63,48;
3203013;"Czaplinek (3)";59,96;
3203014;"Czaplinek - miasto (4)";100,00;
3203023;"Drawsko Pomorskie (3)";68,77;
3203024;"Drawsko Pomorskie - miasto (4)";100,00;
3203033;"Kalisz Pomorski (3)";59,06;
3203034;"Kalisz Pomorski - miasto (4)";100,00;
3203063;"Złocieniec (3)";79,16;
3203064;"Złocieniec - miasto (4)";100,00;
3204000;"Powiat goleniowski";52,82;
3204023;"Goleniów (3)";58,03;
3204024;"Goleniów - miasto (4)";100,00;
3204033;"Maszewo (3)";38,71;
3204034;"Maszewo - miasto (4)";100,00;
3204043;"Nowogard (3)";66,99;
3204044;"Nowogard - miasto (4)";100,00;
3204073;"Stepnica (3)";53,59;
3204074;"Stepnica - miasto (4)";100,00;
3205000;"Powiat gryficki";50,26;
3205023;"Gryfice (3)";67,51;
3205024;"Gryfice - miasto (4)";100,00;
3205043;"Płoty (3)";45,92;
3205044;"Płoty - miasto (4)";100,00;
3205083;"Trzebiatów (3)";62,62;
3205084;"Trzebiatów - miasto (4)";100,00;
3206000;"Powiat gryfiński";46,19;
3206023;"Cedynia (3)";37,10;
3206024;"Cedynia - miasto (4)";100,00;
3206033;"Chojna (3)";55,87;
3206034;"Chojna - miasto (4)";100,00;
3206043;"Gryfino (3)";65,41;
3206044;"Gryfino - miasto (4)";100,00;
3206053;"Mieszkowice (3)";51,42;
3206054;"Mieszkowice - miasto (4)";100,00;
3206063;"Moryń (3)";39,45;
3206064;"Moryń - miasto (4)";100,00;
3206083;"Trzcińsko-Zdrój (3)";44,02;
3206084;"Trzcińsko-Zdrój - miasto (4)";100,00;
3207000;"Powiat kamieński";51,27;
3207013;"Dziwnów (3)";64,64;
3207014;"Dziwnów - miasto (4)";100,00;
3207023;"Golczewo (3)";45,49;
3207024;"Golczewo - miasto (4)";100,00;
3207033;"Kamień Pomorski (3)";61,73;
3207034;"Kamień Pomorski - miasto (4)";100,00;
3207043;"Międzyzdroje (3)";81,17;
3207044;"Międzyzdroje - miasto (4)";100,00;
3207063;"Wolin (3)";39,83;
3207064;"Wolin - miasto (4)";100,00;
3208000;"Powiat kołobrzeski";60,17;
3208011;"Kołobrzeg (1)";100,00;
3208033;"Gościno (3)";51,35;
3208034;"Gościno - miasto (4)";100,00;
3209000;"Powiat koszaliński";24,59;
3209033;"Bobolice (3)";45,13;
3209034;"Bobolice - miasto (4)";100,00;
3209053;"Mielno (3)";59,11;
3209054;"Mielno - miasto (4)";100,00;
3209063;"Polanów (3)";35,28;
3209064;"Polanów - miasto (4)";100,00;
3209073;"Sianów (3)";46,98;
3209074;"Sianów - miasto (4)";100,00;
3210000;"Powiat myśliborski";58,13;
3210013;"Barlinek (3)";70,68;
3210014;"Barlinek - miasto (4)";100,00;
3210033;"Dębno (3)";66,63;
3210034;"Dębno - miasto (4)";100,00;
3210043;"Myślibórz (3)";55,85;
3210044;"Myślibórz - miasto (4)";100,00;
3211000;"Powiat policki";35,70;
3211033;"Nowe Warpno (3)";69,10;
3211034;"Nowe Warpno - miasto (4)";100,00;
3211043;"Police (3)";75,92;
3211044;"Police - miasto (4)";100,00;
3212000;"Powiat pyrzycki";42,90;
3212033;"Lipiany (3)";69,50;
3212034;"Lipiany - miasto (4)";100,00;
3212053;"Pyrzyce (3)";65,09;
3212054;"Pyrzyce - miasto (4)";100,00;
3213000;"Powiat sławieński";45,91;
3213011;"Darłowo (1)";100,00;
3213021;"Sławno (1)";100,00;
3214000;"Powiat stargardzki";62,91;
3214011;"Stargard (1)";100,00;
3214023;"Chociwel (3)";54,68;
3214024;"Chociwel - miasto (4)";100,00;
3214033;"Dobrzany (3)";47,88;
3214034;"Dobrzany - miasto (4)";100,00;
3214053;"Ińsko (3)";57,29;
3214054;"Ińsko - miasto (4)";100,00;
3214113;"Suchań (3)";34,28;
3214114;"Suchań - miasto (4)";100,00;
3215000;"Powiat szczecinecki";66,03;
3215011;"Szczecinek (1)";100,00;
3215023;"Barwice (3)";44,37;
3215024;"Barwice - miasto (4)";100,00;
3215033;"Biały Bór (3)";43,09;
3215034;"Biały Bór - miasto (4)";100,00;
3215043;"Borne Sulinowo (3)";52,57;
3215044;"Borne Sulinowo - miasto (4)";100,00;
3216000;"Powiat świdwiński";50,40;
3216011;"Świdwin (1)";100,00;
3216033;"Połczyn-Zdrój (3)";52,78;
3216034;"Połczyn-Zdrój - miasto (4)";100,00;
3217000;"Powiat wałecki";61,06;
3217011;"Wałcz (1)";100,00;
3217023;"Człopa (3)";47,46;
3217024;"Człopa - miasto (4)";100,00;
3217033;"Mirosławiec (3)";56,64;
3217034;"Mirosławiec - miasto (4)";100,00;
3217043;"Tuczno (3)";39,90;
3217044;"Tuczno - miasto (4)";100,00;
3218000;"Powiat łobeski";54,07;
3218013;"Dobra (3)";52,41;
3218014;"Dobra - miasto (4)";100,00;
3218023;"Łobez (3)";74,30;
3218024;"Łobez - miasto (4)";100,00;
3218043;"Resko (3)";53,85;
3218044;"Resko - miasto (4)";100,00;
3218053;"Węgorzyno (3)";41,58;
3218054;"Węgorzyno - miasto (4)";100,00;
3261000;"Powiat m. Koszalin";100,00;
3261011;"Koszalin (1)";100,00;
3262000;"Powiat m. Szczecin";100,00;
3262011;"Szczecin (1)";100,00;
3263000;"Powiat m. Świnoujście";100,00;
3263011;"Świnoujście (1)";100,00;
